ID,Total_Papers,Total_Citations,H-index,Sex,papers_1995,papers_1996,papers_1997,papers_1998,papers_1999,papers_2000,papers_2001,papers_2002,papers_2003,papers_2004,papers_2005,papers_2006,papers_2007,papers_2008,papers_2009,papers_2010,papers_2011,papers_2012,papers_2013,papers_2014,papers_2015,papers_2016,papers_2017,papers_2018,papers_2019,papers_2020,papers_2021,papers_2022,papers_2023,citations_1995,citations_1996,citations_1997,citations_1998,citations_1999,citations_2000,citations_2001,citations_2002,citations_2003,citations_2004,citations_2005,citations_2006,citations_2007,citations_2008,citations_2009,citations_2010,citations_2011,citations_2012,citations_2013,citations_2014,citations_2015,citations_2016,citations_2017,citations_2018,citations_2019,citations_2020,citations_2021,citations_2022,citations_2023,Book Series,Conference Proceeding,Journal,Book,papers_2024,citations_2024,papers_1986,papers_1987,papers_1989,papers_1990,papers_1991,papers_1992,papers_1993,papers_1994,citations_1986,citations_1987,citations_1989,citations_1990,citations_1991,citations_1992,citations_1993,citations_1994,papers_1985,papers_1988,citations_1985,citations_1988,Trade Journal,papers_1984,citations_1984,papers_1980,citations_1980,papers_1983,citations_1983,papers_1952,citations_1952,papers_1971,papers_1972,papers_1974,papers_1975,papers_1977,citations_1971,citations_1972,citations_1974,citations_1975,citations_1977,papers_1978,papers_1979,papers_1981,papers_1982,citations_1978,citations_1979,citations_1981,citations_1982,papers_1976,citations_1976,papers_1948,papers_1950,papers_1953,papers_1954,papers_1955,papers_1956,papers_1957,papers_1958,papers_1959,papers_1960,papers_1961,papers_1962,papers_1963,papers_1964,papers_1966,papers_1967,papers_1968,papers_1969,papers_1973,citations_1948,citations_1950,citations_1953,citations_1954,citations_1955,citations_1956,citations_1957,citations_1958,citations_1959,citations_1960,citations_1961,citations_1962,citations_1963,citations_1964,citations_1966,citations_1967,citations_1968,citations_1969,citations_1973,papers_1965,citations_1965,papers_1970,citations_1970,papers_1947,papers_1949,citations_1947,citations_1949,Report,papers_1911,papers_1913,papers_1914,papers_1925,papers_1926,papers_1927,papers_1929,papers_1930,papers_1931,papers_1932,papers_1934,papers_1935,papers_1936,citations_1911,citations_1913,citations_1914,citations_1925,citations_1926,citations_1927,citations_1929,citations_1930,citations_1931,citations_1932,citations_1934,citations_1935,citations_1936,papers_1941,papers_1942,papers_1943,papers_1944,papers_1951,citations_1941,citations_1942,citations_1943,citations_1944,citations_1951,papers_2080,citations_2080
0,157,2390,24,male,2.0,2.0,4.0,2.0,2.0,7.0,2.0,1.0,4.0,4.0,2.0,2.0,1.0,2.0,1.0,6.0,5.0,10.0,9.0,3.0,9.0,9.0,14.0,12.0,10.0,8.0,9.0,5.0,4.0,17.0,114.0,52.0,32.0,12.0,613.0,311.0,42.0,137.0,219.0,108.0,16.0,102.0,35.0,18.0,14.0,39.0,109.0,304.0,17.0,49.0,65.0,127.0,97.0,113.0,917.0,254.0,19.0,6.0,23.0,71.0,18.0,2.0,1.0,0.0,2.0,1.0,1.0,2.0,15.0,2.0,1.0,1.0,14.0,106.0,8.0,10.0,174.0,1.0,152.0,8.0,3.0,1.0,11.0,207.0,1.0,5.0,3.0,6.0,5.0,6.0,1.0,2.0,0.0,5.0,7.0,4.0,3.0,3.0,27.0,12.0,0.0,1.0,2.0,4.0,3.0,4.0,3.0,0.0,5.0,7.0,55.0,2.0,3.0,0.0,0.0,0.0,0.0,0.0,0.0,0.0,0.0,0.0,0.0,0.0,0.0,0.0,1.0,6.0,2.0,5.0,4.0,6.0,0.0,0.0,0.0,0.0,0.0,0.0,0.0,0.0,0.0,0.0,0.0,0.0,0.0,0.0,2.0,2.0,11.0,6.0,10.0,2.0,3.0,6.0,15.0,0.0,0.0,0.0,0.0,0.0,0.0,0.0,0.0,0.0,0.0,0.0,0.0,0.0,0.0,0.0,0.0,0.0,0.0,0.0,0.0,0.0,0.0,0.0,0.0,0.0,0.0,0.0,0.0,0.0,0.0,0.0,0.0,0.0,0.0,0.0,0.0,0.0,0.0,0.0,0.0,0.0,0.0,0.0
1,145,3422,29,male,3.0,1.0,2.0,2.0,4.0,1.0,1.0,1.0,1.0,2.0,1.0,1.0,2.0,4.0,5.0,6.0,4.0,5.0,10.0,14.0,17.0,11.0,5.0,15.0,9.0,7.0,6.0,6.0,8.0,14.0,22.0,14.0,39.0,6.0,0.0,9.0,3.0,2.0,0.0,49.0,20.0,99.0,56.0,195.0,339.0,101.0,49.0,218.0,265.0,105.0,184.0,35.0,70.0,209.0,12.0,93.0,6.0,4.0,35.0,78.0,23.0,3.0,0.0,0.0,2.0,1.0,1.0,1.0,1.0,3.0,1.0,1.0,2.0,2.0,209.0,0.0,472.0,174.0,2.0,0.0,2.0,1.0,0.0,6.0,2.0,2.0,2.0,6.0,93.0,0.0,0.0,0.0,0.0,0.0,0.0,1.0,2.0,0.0,0.0,0.0,1.0,9.0,0.0,1.0,2.0,0.0,1.0,43.0,62.0,0.0,5.0,1.0,3.0,0.0,0.0,0.0,0.0,0.0,0.0,0.0,0.0,0.0,0.0,0.0,0.0,0.0,0.0,0.0,0.0,0.0,0.0,1.0,0.0,0.0,0.0,0.0,0.0,0.0,0.0,0.0,0.0,0.0,0.0,0.0,0.0,0.0,0.0,0.0,0.0,0.0,0.0,0.0,0.0,0.0,0.0,0.0,0.0,0.0,0.0,0.0,0.0,0.0,0.0,0.0,0.0,0.0,0.0,0.0,0.0,0.0,0.0,0.0,0.0,0.0,0.0,0.0,0.0,0.0,0.0,0.0,0.0,0.0,0.0,0.0,0.0,0.0,0.0,0.0,0.0,0.0,0.0,0.0,0.0,0.0,0.0,0.0,0.0,0.0
2,162,3210,31,female,22.0,16.0,10.0,15.0,20.0,1.0,11.0,2.0,28.0,3.0,1.0,44.0,3.0,2.0,2.0,3.0,3.0,4.0,3.0,8.0,1.0,9.0,9.0,2.0,5.0,3.0,3.0,2.0,2.0,531.0,287.0,409.0,498.0,504.0,90.0,314.0,78.0,1888.0,396.0,282.0,2036.0,21.0,3.0,59.0,53.0,85.0,48.0,46.0,248.0,23.0,225.0,130.0,9.0,24.0,22.0,12.0,15.0,0.0,7.0,43.0,6.0,10.0,0.0,0.0,6.0,6.0,17.0,10.0,11.0,20.0,8.0,15.0,198.0,94.0,435.0,272.0,227.0,691.0,90.0,404.0,2.0,13.0,126.0,217.0,1.0,2.0,90.0,4.0,46.0,1.0,7.0,0.0,0.0,0.0,0.0,0.0,1.0,0.0,0.0,0.0,0.0,56.0,0.0,0.0,1.0,1.0,1.0,0.0,4.0,17.0,26.0,0.0,0.0,0.0,0.0,0.0,0.0,0.0,0.0,0.0,0.0,0.0,0.0,0.0,0.0,0.0,0.0,0.0,0.0,0.0,1.0,0.0,0.0,0.0,0.0,0.0,0.0,0.0,0.0,0.0,0.0,0.0,0.0,0.0,0.0,0.0,0.0,0.0,0.0,159.0,0.0,0.0,0.0,0.0,0.0,0.0,0.0,0.0,0.0,0.0,0.0,0.0,0.0,0.0,0.0,0.0,0.0,0.0,0.0,0.0,0.0,0.0,0.0,0.0,0.0,0.0,0.0,0.0,0.0,0.0,0.0,0.0,0.0,0.0,0.0,0.0,0.0,0.0,0.0,0.0,0.0,0.0,0.0,0.0,0.0,0.0,0.0,0.0
3,237,2240,21,male,1.0,2.0,1.0,3.0,2.0,3.0,1.0,1.0,3.0,8.0,6.0,5.0,6.0,1.0,3.0,1.0,1.0,2.0,2.0,3.0,4.0,3.0,5.0,6.0,5.0,7.0,7.0,11.0,9.0,60.0,56.0,5.0,13.0,107.0,46.0,113.0,29.0,51.0,155.0,52.0,101.0,45.0,2.0,9.0,8.0,11.0,13.0,18.0,43.0,87.0,26.0,104.0,92.0,63.0,164.0,65.0,76.0,10.0,12.0,10.0,39.0,4.0,0.0,0.0,0.0,0.0,0.0,6.0,1.0,1.0,3.0,1.0,0.0,0.0,0.0,66.0,88.0,5.0,17.0,53.0,0.0,0.0,0.0,0.0,1.0,0.0,0.0,0.0,0.0,0.0,0.0,0.0,0.0,0.0,0.0,0.0,0.0,0.0,0.0,0.0,0.0,0.0,0.0,0.0,0.0,0.0,0.0,0.0,0.0,0.0,0.0,0.0,0.0,0.0,0.0,0.0,0.0,0.0,0.0,0.0,0.0,0.0,0.0,0.0,0.0,0.0,0.0,0.0,0.0,0.0,0.0,0.0,0.0,0.0,0.0,0.0,0.0,0.0,0.0,0.0,0.0,0.0,0.0,0.0,0.0,0.0,0.0,0.0,0.0,0.0,0.0,0.0,0.0,0.0,0.0,0.0,0.0,0.0,0.0,0.0,0.0,0.0,0.0,0.0,0.0,0.0,0.0,0.0,0.0,0.0,0.0,0.0,0.0,0.0,0.0,0.0,0.0,0.0,0.0,0.0,0.0,0.0,0.0,0.0,0.0,0.0,0.0,0.0,0.0,0.0,0.0,0.0,0.0,0.0,0.0,0.0,0.0,0.0
4,161,2649,25,male,6.0,1.0,2.0,7.0,2.0,1.0,6.0,1.0,7.0,2.0,12.0,8.0,5.0,3.0,6.0,7.0,9.0,3.0,7.0,5.0,3.0,4.0,2.0,1.0,2.0,5.0,2.0,1.0,1.0,30.0,26.0,9.0,76.0,6.0,14.0,67.0,10.0,189.0,43.0,285.0,98.0,154.0,31.0,105.0,38.0,34.0,85.0,57.0,14.0,16.0,11.0,4.0,0.0,35.0,19.0,0.0,0.0,1.0,29.0,77.0,23.0,1.0,0.0,0.0,1.0,11.0,9.0,1.0,1.0,13.0,4.0,4.0,0.0,91.0,139.0,11.0,1.0,326.0,12.0,14.0,2.0,7.0,65.0,118.0,1.0,1.0,14.0,2.0,17.0,2.0,1.0,0.0,0.0,2.0,3.0,5.0,1.0,4.0,19.0,110.0,83.0,16.0,285.0,2.0,1.0,3.0,3.0,19.0,19.0,244.0,24.0,4.0,71.0,0.0,0.0,0.0,0.0,0.0,0.0,0.0,0.0,0.0,0.0,0.0,0.0,0.0,0.0,0.0,0.0,1.0,1.0,0.0,0.0,0.0,0.0,0.0,0.0,0.0,0.0,0.0,0.0,0.0,0.0,0.0,0.0,0.0,0.0,0.0,3.0,0.0,0.0,0.0,0.0,1.0,9.0,0.0,0.0,0.0,0.0,0.0,0.0,0.0,0.0,0.0,0.0,0.0,0.0,0.0,0.0,0.0,0.0,0.0,0.0,0.0,0.0,0.0,0.0,0.0,0.0,0.0,0.0,0.0,0.0,0.0,0.0,0.0,0.0,0.0,0.0,0.0,0.0,0.0,0.0,0.0,0.0,0.0,0.0,0.0
5,341,5203,44,male,2.0,1.0,1.0,1.0,1.0,1.0,4.0,2.0,1.0,2.0,4.0,9.0,14.0,15.0,19.0,24.0,20.0,27.0,36.0,31.0,31.0,35.0,65.0,78.0,78.0,102.0,98.0,89.0,9.0,11.0,5.0,6.0,89.0,19.0,1.0,6.0,25.0,1.0,282.0,150.0,823.0,580.0,558.0,662.0,791.0,802.0,975.0,980.0,927.0,1935.0,1509.0,1860.0,2218.0,2391.0,2448.0,1487.0,692.0,35.0,7.0,4.0,778.0,3.0,1.0,0.0,3.0,1.0,2.0,2.0,1.0,2.0,1.0,1.0,37.0,29.0,35.0,54.0,0.0,24.0,7.0,4.0,3.0,3.0,13.0,49.0,2.0,1.0,6.0,1.0,3.0,2.0,10.0,0.0,0.0,0.0,1.0,0.0,3.0,2.0,0.0,4.0,0.0,23.0,21.0,5.0,6.0,2.0,2.0,25.0,27.0,6.0,10.0,1.0,9.0,0.0,0.0,0.0,0.0,0.0,0.0,0.0,0.0,0.0,0.0,0.0,0.0,0.0,0.0,0.0,0.0,0.0,2.0,2.0,0.0,0.0,0.0,0.0,0.0,0.0,0.0,0.0,0.0,0.0,0.0,0.0,0.0,0.0,0.0,0.0,0.0,36.0,2.0,0.0,0.0,0.0,0.0,0.0,0.0,0.0,0.0,0.0,0.0,0.0,0.0,0.0,0.0,0.0,0.0,0.0,0.0,0.0,0.0,0.0,0.0,0.0,0.0,0.0,0.0,0.0,0.0,0.0,0.0,0.0,0.0,0.0,0.0,0.0,0.0,0.0,0.0,0.0,0.0,0.0,0.0,0.0,0.0,0.0,0.0,0.0
6,63,3293,22,male,2.0,2.0,9.0,1.0,2.0,1.0,2.0,1.0,3.0,5.0,10.0,12.0,8.0,5.0,11.0,14.0,6.0,6.0,10.0,8.0,7.0,10.0,7.0,8.0,7.0,2.0,2.0,3.0,2.0,23.0,3.0,195.0,8.0,14.0,0.0,15.0,23.0,64.0,55.0,456.0,127.0,118.0,51.0,84.0,242.0,38.0,38.0,72.0,58.0,70.0,24.0,38.0,74.0,19.0,3.0,5.0,3.0,0.0,39.0,79.0,23.0,8.0,0.0,0.0,5.0,1.0,10.0,8.0,5.0,8.0,1.0,3.0,49.0,12.0,207.0,14.0,231.0,152.0,7.0,115.0,5.0,2.0,42.0,11.0,1.0,8.0,21.0,1.0,17.0,3.0,20.0,0.0,0.0,0.0,0.0,1.0,1.0,1.0,0.0,0.0,0.0,0.0,1.0,1.0,4.0,3.0,1.0,0.0,36.0,6.0,0.0,1.0,2.0,0.0,0.0,0.0,0.0,0.0,1.0,0.0,1.0,0.0,0.0,0.0,0.0,0.0,0.0,0.0,0.0,0.0,0.0,1.0,0.0,0.0,0.0,0.0,0.0,0.0,0.0,0.0,0.0,0.0,0.0,0.0,0.0,0.0,0.0,0.0,0.0,0.0,0.0,0.0,0.0,0.0,0.0,0.0,0.0,0.0,0.0,0.0,0.0,0.0,0.0,0.0,0.0,0.0,0.0,0.0,0.0,0.0,0.0,0.0,0.0,0.0,0.0,0.0,0.0,0.0,0.0,0.0,0.0,0.0,0.0,0.0,0.0,0.0,0.0,0.0,0.0,0.0,1.0,0.0,0.0,0.0,0.0,15.0,0.0,0.0
7,164,3780,27,male,6.0,3.0,3.0,6.0,3.0,1.0,2.0,1.0,1.0,2.0,3.0,3.0,1.0,1.0,2.0,10.0,5.0,8.0,2.0,9.0,4.0,8.0,3.0,9.0,8.0,1.0,2.0,8.0,3.0,60.0,4.0,42.0,144.0,43.0,13.0,105.0,8.0,11.0,43.0,21.0,25.0,0.0,7.0,8.0,121.0,100.0,78.0,28.0,201.0,67.0,114.0,59.0,74.0,47.0,0.0,15.0,4.0,0.0,6.0,4.0,41.0,8.0,1.0,0.0,7.0,11.0,3.0,4.0,2.0,2.0,1.0,1.0,73.0,127.0,55.0,28.0,17.0,13.0,6.0,0.0,12.0,5.0,24.0,20.0,1.0,14.0,40.0,1.0,16.0,15.0,20.0,0.0,0.0,0.0,1.0,4.0,3.0,4.0,0.0,0.0,1.0,22.0,12.0,2.0,2.0,10.0,16.0,52.0,18.0,40.0,17.0,7.0,23.0,0.0,0.0,0.0,0.0,0.0,0.0,0.0,0.0,0.0,0.0,0.0,0.0,0.0,0.0,0.0,0.0,0.0,0.0,3.0,0.0,0.0,0.0,0.0,0.0,0.0,0.0,0.0,0.0,0.0,0.0,0.0,0.0,0.0,0.0,0.0,0.0,0.0,42.0,0.0,0.0,1.0,7.0,0.0,0.0,0.0,0.0,0.0,0.0,0.0,0.0,0.0,0.0,0.0,0.0,0.0,0.0,0.0,0.0,0.0,0.0,0.0,0.0,0.0,0.0,0.0,0.0,0.0,0.0,0.0,0.0,0.0,0.0,0.0,0.0,0.0,0.0,0.0,0.0,0.0,0.0,0.0,0.0,0.0,0.0,0.0
8,146,2724,30,female,1.0,2.0,3.0,1.0,3.0,1.0,1.0,1.0,1.0,6.0,6.0,1.0,7.0,5.0,4.0,2.0,2.0,6.0,1.0,9.0,1.0,2.0,1.0,2.0,2.0,2.0,1.0,6.0,2.0,32.0,90.0,70.0,10.0,306.0,31.0,63.0,87.0,50.0,60.0,121.0,0.0,162.0,47.0,27.0,6.0,39.0,91.0,23.0,172.0,2.0,13.0,8.0,17.0,6.0,6.0,2.0,4.0,0.0,24.0,1.0,18.0,2.0,4.0,0.0,5.0,11.0,2.0,1.0,3.0,2.0,2.0,1.0,62.0,126.0,0.0,72.0,202.0,8.0,172.0,7.0,1.0,1.0,2.0,0.0,1.0,1.0,0.0,1.0,0.0,7.0,42.0,0.0,0.0,0.0,3.0,0.0,2.0,1.0,0.0,50.0,0.0,32.0,0.0,1.0,0.0,1.0,1.0,1.0,0.0,1.0,0.0,2.0,3.0,0.0,0.0,0.0,0.0,0.0,0.0,0.0,0.0,0.0,0.0,0.0,0.0,1.0,2.0,0.0,1.0,0.0,2.0,1.0,0.0,0.0,0.0,0.0,0.0,0.0,0.0,0.0,0.0,0.0,0.0,0.0,0.0,1.0,0.0,1.0,0.0,70.0,6.0,1.0,4.0,0.0,0.0,0.0,0.0,0.0,0.0,0.0,0.0,0.0,0.0,0.0,0.0,0.0,0.0,0.0,0.0,0.0,0.0,0.0,0.0,0.0,0.0,0.0,0.0,0.0,0.0,0.0,0.0,0.0,0.0,0.0,0.0,0.0,0.0,0.0,0.0,0.0,0.0,0.0,0.0,0.0,0.0,0.0,0.0,0.0
9,70,2576,19,male,7.0,12.0,1.0,1.0,2.0,2.0,2.0,1.0,2.0,1.0,1.0,1.0,1.0,1.0,5.0,4.0,2.0,6.0,4.0,7.0,8.0,8.0,5.0,11.0,3.0,10.0,9.0,16.0,5.0,126.0,422.0,3.0,12.0,12.0,51.0,37.0,24.0,481.0,2.0,5.0,15.0,0.0,4.0,67.0,89.0,46.0,86.0,48.0,37.0,81.0,83.0,67.0,302.0,38.0,64.0,38.0,26.0,1.0,15.0,55.0,39.0,2.0,1.0,0.0,1.0,4.0,0.0,0.0,1.0,5.0,3.0,1.0,3.0,35.0,0.0,0.0,0.0,162.0,6.0,1.0,1.0,1.0,12.0,0.0,2.0,0.0,0.0,0.0,0.0,3.0,21.0,0.0,0.0,0.0,0.0,0.0,0.0,0.0,0.0,0.0,0.0,0.0,0.0,0.0,0.0,0.0,0.0,0.0,0.0,0.0,0.0,0.0,0.0,0.0,0.0,0.0,0.0,0.0,0.0,0.0,0.0,0.0,0.0,0.0,0.0,0.0,0.0,0.0,0.0,0.0,0.0,0.0,0.0,0.0,0.0,0.0,0.0,0.0,0.0,0.0,0.0,0.0,0.0,0.0,0.0,0.0,0.0,0.0,0.0,0.0,0.0,0.0,0.0,0.0,0.0,0.0,0.0,0.0,0.0,0.0,0.0,0.0,0.0,0.0,0.0,0.0,0.0,0.0,0.0,0.0,0.0,0.0,0.0,0.0,0.0,0.0,0.0,0.0,0.0,0.0,0.0,0.0,0.0,0.0,0.0,0.0,0.0,0.0,0.0,0.0,0.0,0.0,0.0,0.0,0.0,0.0,0.0,0.0
10,269,8983,50,male,3.0,2.0,2.0,1.0,5.0,1.0,1.0,1.0,2.0,1.0,1.0,1.0,6.0,3.0,2.0,3.0,4.0,5.0,12.0,16.0,16.0,8.0,1.0,8.0,1.0,1.0,1.0,2.0,4.0,7.0,16.0,5.0,27.0,162.0,5.0,3.0,32.0,77.0,36.0,16.0,975.0,710.0,27.0,6.0,53.0,44.0,24.0,77.0,43.0,65.0,38.0,28.0,12.0,0.0,9.0,6.0,6.0,1.0,38.0,2.0,11.0,4.0,1.0,0.0,2.0,3.0,1.0,3.0,1.0,2.0,1.0,5.0,7.0,1.0,8.0,52.0,1.0,51.0,2.0,25.0,3.0,1.0,2.0,2.0,1.0,3.0,21.0,0.0,0.0,2.0,5.0,0.0,0.0,0.0,0.0,0.0,0.0,0.0,0.0,0.0,0.0,0.0,0.0,0.0,0.0,0.0,0.0,0.0,0.0,0.0,0.0,0.0,0.0,0.0,0.0,0.0,0.0,0.0,0.0,0.0,0.0,0.0,0.0,0.0,0.0,0.0,0.0,0.0,0.0,0.0,0.0,0.0,0.0,0.0,0.0,0.0,0.0,0.0,0.0,0.0,0.0,0.0,0.0,0.0,0.0,0.0,0.0,0.0,0.0,0.0,0.0,0.0,0.0,0.0,0.0,0.0,0.0,0.0,0.0,0.0,0.0,0.0,0.0,0.0,0.0,0.0,0.0,0.0,0.0,0.0,0.0,0.0,0.0,0.0,0.0,0.0,0.0,0.0,0.0,0.0,0.0,0.0,0.0,0.0,0.0,0.0,0.0,0.0,0.0,0.0,0.0,0.0,0.0,0.0,0.0,0.0,0.0,0.0
11,221,5893,42,male,3.0,2.0,1.0,6.0,1.0,3.0,5.0,1.0,5.0,2.0,3.0,3.0,2.0,2.0,6.0,2.0,2.0,2.0,3.0,1.0,6.0,10.0,13.0,10.0,5.0,5.0,8.0,9.0,4.0,115.0,3.0,5.0,242.0,0.0,20.0,63.0,2.0,156.0,3.0,6.0,21.0,18.0,46.0,144.0,61.0,8.0,23.0,20.0,0.0,56.0,105.0,57.0,56.0,57.0,42.0,36.0,9.0,0.0,16.0,35.0,39.0,3.0,1.0,0.0,1.0,2.0,1.0,1.0,3.0,1.0,2.0,3.0,17.0,127.0,0.0,1.0,25.0,4.0,4.0,3.0,1.0,1.0,8.0,0.0,1.0,2.0,0.0,2.0,2.0,2.0,12.0,0.0,0.0,0.0,0.0,4.0,1.0,3.0,0.0,0.0,10.0,9.0,0.0,1.0,4.0,1.0,1.0,2.0,19.0,1.0,1.0,1.0,24.0,0.0,0.0,0.0,0.0,0.0,0.0,0.0,0.0,0.0,0.0,0.0,0.0,0.0,0.0,0.0,0.0,0.0,0.0,1.0,0.0,0.0,0.0,0.0,0.0,0.0,0.0,0.0,0.0,0.0,0.0,0.0,0.0,0.0,0.0,0.0,0.0,0.0,4.0,0.0,0.0,0.0,0.0,0.0,0.0,0.0,0.0,2.0,0.0,0.0,0.0,0.0,0.0,0.0,0.0,0.0,0.0,0.0,0.0,0.0,0.0,0.0,0.0,0.0,0.0,0.0,0.0,0.0,0.0,0.0,0.0,0.0,0.0,0.0,0.0,0.0,0.0,0.0,0.0,0.0,0.0,0.0,0.0,0.0,0.0,0.0
12,237,5237,38,male,3.0,1.0,2.0,2.0,4.0,1.0,1.0,1.0,1.0,2.0,1.0,1.0,2.0,4.0,5.0,6.0,4.0,5.0,10.0,14.0,17.0,11.0,5.0,15.0,9.0,7.0,6.0,6.0,8.0,14.0,22.0,14.0,39.0,6.0,0.0,9.0,3.0,2.0,0.0,49.0,20.0,99.0,56.0,195.0,339.0,101.0,49.0,218.0,265.0,105.0,184.0,35.0,70.0,209.0,12.0,93.0,6.0,4.0,35.0,78.0,23.0,3.0,0.0,0.0,2.0,1.0,1.0,1.0,1.0,3.0,1.0,1.0,2.0,2.0,209.0,0.0,472.0,174.0,2.0,0.0,2.0,1.0,0.0,6.0,2.0,2.0,2.0,6.0,93.0,0.0,0.0,0.0,0.0,0.0,0.0,1.0,2.0,0.0,0.0,0.0,1.0,9.0,0.0,1.0,2.0,0.0,1.0,43.0,62.0,0.0,5.0,1.0,3.0,0.0,0.0,0.0,0.0,0.0,0.0,0.0,0.0,0.0,0.0,0.0,0.0,0.0,0.0,0.0,0.0,0.0,0.0,1.0,0.0,0.0,0.0,0.0,0.0,0.0,0.0,0.0,0.0,0.0,0.0,0.0,0.0,0.0,0.0,0.0,0.0,0.0,0.0,0.0,0.0,0.0,0.0,0.0,0.0,0.0,0.0,0.0,0.0,0.0,0.0,0.0,0.0,0.0,0.0,0.0,0.0,0.0,0.0,0.0,0.0,0.0,0.0,0.0,0.0,0.0,0.0,0.0,0.0,0.0,0.0,0.0,0.0,0.0,0.0,0.0,0.0,0.0,0.0,0.0,0.0,0.0,0.0,0.0,0.0,0.0
13,218,9675,59,male,7.0,1.0,1.0,3.0,1.0,6.0,2.0,1.0,1.0,1.0,4.0,5.0,3.0,3.0,5.0,9.0,3.0,6.0,4.0,7.0,17.0,6.0,5.0,6.0,5.0,3.0,8.0,5.0,1.0,534.0,2.0,3.0,118.0,18.0,5.0,155.0,28.0,5.0,22.0,95.0,47.0,30.0,54.0,43.0,65.0,13.0,98.0,53.0,58.0,116.0,38.0,638.0,460.0,0.0,42.0,55.0,4.0,0.0,56.0,16.0,36.0,1.0,0.0,0.0,1.0,3.0,3.0,2.0,1.0,3.0,4.0,1.0,3.0,7.0,16.0,98.0,40.0,39.0,31.0,0.0,2.0,3.0,11.0,10.0,1.0,1.0,0.0,0.0,0.0,4.0,45.0,0.0,0.0,0.0,0.0,0.0,0.0,0.0,0.0,0.0,0.0,0.0,0.0,0.0,1.0,0.0,1.0,0.0,20.0,0.0,13.0,0.0,0.0,0.0,0.0,0.0,0.0,0.0,0.0,0.0,0.0,0.0,0.0,0.0,0.0,0.0,0.0,0.0,0.0,0.0,0.0,0.0,0.0,0.0,0.0,0.0,0.0,0.0,0.0,0.0,0.0,0.0,0.0,0.0,0.0,0.0,0.0,0.0,0.0,0.0,0.0,0.0,0.0,0.0,0.0,0.0,0.0,0.0,0.0,0.0,0.0,0.0,0.0,0.0,0.0,0.0,0.0,0.0,0.0,0.0,0.0,0.0,0.0,0.0,0.0,0.0,0.0,0.0,0.0,0.0,0.0,0.0,0.0,0.0,0.0,0.0,0.0,0.0,0.0,0.0,0.0,0.0,0.0,0.0,0.0,0.0,0.0,0.0
14,172,6562,43,male,12.0,4.0,9.0,8.0,3.0,3.0,1.0,3.0,1.0,2.0,3.0,1.0,1.0,1.0,6.0,2.0,1.0,1.0,1.0,1.0,1.0,8.0,2.0,1.0,8.0,3.0,3.0,4.0,7.0,1144.0,527.0,278.0,295.0,19.0,107.0,1.0,102.0,56.0,91.0,6.0,13.0,2.0,25.0,283.0,100.0,7.0,1.0,16.0,1.0,0.0,47.0,0.0,4.0,52.0,9.0,3.0,11.0,3.0,7.0,9.0,154.0,1.0,1.0,0.0,4.0,10.0,7.0,3.0,6.0,8.0,4.0,2.0,82.0,458.0,145.0,80.0,181.0,321.0,362.0,32.0,3.0,4.0,185.0,196.0,1.0,3.0,49.0,2.0,41.0,1.0,44.0,0.0,0.0,6.0,6.0,2.0,2.0,1.0,140.0,382.0,2.0,10.0,1.0,5.0,1.0,2.0,2.0,74.0,42.0,32.0,5.0,1.0,7.0,0.0,0.0,0.0,0.0,0.0,0.0,0.0,0.0,0.0,0.0,0.0,0.0,0.0,0.0,0.0,0.0,0.0,1.0,3.0,0.0,0.0,0.0,0.0,0.0,0.0,0.0,0.0,0.0,0.0,0.0,0.0,0.0,0.0,0.0,0.0,0.0,6.0,29.0,0.0,0.0,5.0,111.0,0.0,0.0,0.0,0.0,0.0,0.0,0.0,0.0,0.0,0.0,0.0,0.0,0.0,0.0,0.0,0.0,0.0,0.0,0.0,0.0,0.0,0.0,0.0,0.0,0.0,0.0,0.0,0.0,0.0,0.0,0.0,0.0,0.0,0.0,0.0,0.0,0.0,0.0,0.0,0.0,0.0,0.0,0.0
15,249,6604,40,male,3.0,2.0,2.0,2.0,1.0,1.0,13.0,13.0,1.0,12.0,1.0,6.0,9.0,7.0,6.0,7.0,2.0,1.0,2.0,1.0,4.0,6.0,2.0,2.0,2.0,2.0,2.0,1.0,1.0,79.0,34.0,5.0,0.0,0.0,0.0,1134.0,510.0,11.0,580.0,11.0,23.0,25.0,13.0,7.0,5.0,0.0,0.0,6.0,20.0,1.0,38.0,5.0,2.0,2.0,12.0,1.0,1.0,4.0,5.0,27.0,32.0,33.0,0.0,0.0,1.0,1.0,2.0,1.0,1.0,4.0,2.0,2.0,3.0,0.0,114.0,144.0,128.0,25.0,8.0,8.0,1.0,1.0,48.0,1.0,1.0,1.0,40.0,1.0,2.0,1.0,7.0,0.0,0.0,0.0,0.0,3.0,5.0,1.0,0.0,0.0,4.0,5.0,192.0,2.0,1.0,3.0,1.0,0.0,0.0,31.0,104.0,2.0,35.0,0.0,0.0,0.0,0.0,0.0,0.0,0.0,0.0,0.0,0.0,0.0,0.0,0.0,0.0,0.0,0.0,0.0,0.0,0.0,0.0,0.0,0.0,0.0,0.0,0.0,0.0,0.0,0.0,0.0,0.0,0.0,0.0,0.0,0.0,0.0,0.0,0.0,0.0,0.0,0.0,0.0,0.0,0.0,0.0,0.0,0.0,0.0,0.0,0.0,0.0,0.0,0.0,0.0,0.0,0.0,0.0,0.0,0.0,0.0,0.0,0.0,0.0,0.0,0.0,0.0,0.0,0.0,0.0,0.0,0.0,0.0,0.0,0.0,0.0,0.0,0.0,0.0,0.0,0.0,0.0,0.0,0.0,0.0,0.0,0.0
16,240,6896,36,female,5.0,4.0,5.0,7.0,3.0,4.0,3.0,1.0,2.0,4.0,2.0,3.0,3.0,1.0,4.0,1.0,1.0,11.0,14.0,12.0,2.0,4.0,4.0,5.0,4.0,2.0,6.0,4.0,4.0,108.0,90.0,56.0,62.0,15.0,49.0,62.0,47.0,98.0,158.0,6.0,66.0,26.0,10.0,152.0,1.0,1.0,192.0,182.0,101.0,15.0,23.0,58.0,115.0,27.0,21.0,27.0,4.0,0.0,12.0,45.0,13.0,4.0,0.0,0.0,2.0,2.0,5.0,2.0,6.0,6.0,4.0,1.0,22.0,16.0,20.0,6.0,51.0,146.0,24.0,3.0,3.0,3.0,0.0,10.0,1.0,4.0,68.0,4.0,0.0,1.0,79.0,0.0,0.0,0.0,0.0,0.0,0.0,0.0,0.0,0.0,0.0,0.0,0.0,0.0,6.0,0.0,3.0,0.0,25.0,0.0,2.0,0.0,0.0,0.0,0.0,0.0,0.0,0.0,0.0,0.0,0.0,0.0,0.0,0.0,0.0,0.0,0.0,0.0,0.0,0.0,0.0,0.0,0.0,0.0,0.0,0.0,0.0,0.0,0.0,0.0,0.0,0.0,0.0,0.0,0.0,0.0,0.0,0.0,0.0,0.0,0.0,0.0,0.0,0.0,0.0,0.0,0.0,0.0,0.0,0.0,0.0,0.0,0.0,0.0,0.0,0.0,0.0,0.0,0.0,0.0,0.0,0.0,0.0,0.0,0.0,0.0,0.0,0.0,0.0,0.0,0.0,0.0,0.0,0.0,0.0,0.0,0.0,0.0,0.0,0.0,0.0,0.0,0.0,0.0,0.0,0.0,0.0,0.0
17,190,8063,52,female,1.0,2.0,4.0,2.0,1.0,1.0,3.0,3.0,5.0,4.0,7.0,7.0,13.0,2.0,3.0,5.0,7.0,4.0,4.0,2.0,7.0,11.0,4.0,12.0,13.0,14.0,16.0,3.0,5.0,37.0,406.0,146.0,120.0,0.0,250.0,173.0,109.0,618.0,82.0,312.0,393.0,330.0,75.0,49.0,138.0,329.0,135.0,102.0,206.0,486.0,213.0,359.0,377.0,198.0,251.0,97.0,5.0,0.0,5.0,26.0,128.0,1.0,0.0,0.0,0.0,0.0,1.0,0.0,0.0,0.0,1.0,0.0,0.0,0.0,0.0,0.0,0.0,0.0,1.0,0.0,0.0,0.0,0.0,0.0,0.0,0.0,0.0,0.0,0.0,0.0,0.0,0.0,0.0,0.0,0.0,0.0,0.0,0.0,0.0,0.0,0.0,0.0,0.0,0.0,0.0,0.0,0.0,0.0,0.0,0.0,0.0,0.0,0.0,0.0,0.0,0.0,0.0,0.0,0.0,0.0,0.0,0.0,0.0,0.0,0.0,0.0,0.0,0.0,0.0,0.0,0.0,0.0,0.0,0.0,0.0,0.0,0.0,0.0,0.0,0.0,0.0,0.0,0.0,0.0,0.0,0.0,0.0,0.0,0.0,0.0,0.0,0.0,0.0,0.0,0.0,0.0,0.0,0.0,0.0,0.0,0.0,0.0,0.0,0.0,0.0,0.0,0.0,0.0,0.0,0.0,0.0,0.0,0.0,0.0,0.0,0.0,0.0,0.0,0.0,0.0,0.0,0.0,0.0,0.0,0.0,0.0,0.0,0.0,0.0,0.0,0.0,0.0,0.0,0.0,0.0,0.0,0.0,0.0
18,256,5028,37,male,1.0,1.0,1.0,1.0,3.0,10.0,1.0,1.0,2.0,3.0,2.0,5.0,1.0,3.0,5.0,2.0,8.0,4.0,1.0,1.0,4.0,3.0,9.0,10.0,8.0,4.0,6.0,4.0,5.0,3.0,16.0,2.0,38.0,4.0,102.0,1.0,70.0,9.0,15.0,57.0,162.0,34.0,326.0,36.0,8.0,47.0,18.0,1.0,0.0,24.0,39.0,73.0,104.0,55.0,76.0,37.0,4.0,2.0,5.0,31.0,4.0,2.0,0.0,0.0,1.0,2.0,1.0,1.0,1.0,1.0,1.0,1.0,0.0,0.0,29.0,1.0,1.0,151.0,17.0,3.0,2.0,1.0,19.0,23.0,1.0,2.0,117.0,1.0,112.0,2.0,0.0,0.0,0.0,0.0,0.0,0.0,1.0,1.0,0.0,0.0,0.0,1.0,0.0,3.0,1.0,1.0,1.0,3.0,0.0,41.0,0.0,1.0,6.0,0.0,0.0,0.0,0.0,0.0,0.0,0.0,0.0,0.0,0.0,0.0,0.0,0.0,0.0,0.0,0.0,0.0,0.0,0.0,0.0,0.0,0.0,0.0,0.0,0.0,0.0,0.0,0.0,0.0,0.0,0.0,0.0,0.0,0.0,0.0,0.0,0.0,0.0,0.0,0.0,0.0,0.0,0.0,0.0,0.0,0.0,0.0,0.0,0.0,0.0,0.0,0.0,0.0,0.0,0.0,0.0,0.0,0.0,0.0,0.0,0.0,0.0,0.0,0.0,0.0,0.0,0.0,0.0,0.0,0.0,0.0,0.0,0.0,0.0,0.0,0.0,0.0,0.0,0.0,0.0,0.0,0.0,0.0,0.0,0.0
19,126,1328,21,male,2.0,1.0,1.0,1.0,1.0,1.0,4.0,2.0,1.0,2.0,4.0,9.0,14.0,15.0,19.0,24.0,20.0,27.0,36.0,31.0,31.0,35.0,65.0,78.0,78.0,102.0,98.0,89.0,9.0,11.0,5.0,6.0,89.0,19.0,1.0,6.0,25.0,1.0,282.0,150.0,823.0,580.0,558.0,662.0,791.0,802.0,975.0,980.0,927.0,1935.0,1509.0,1860.0,2218.0,2391.0,2448.0,1487.0,692.0,35.0,7.0,4.0,778.0,3.0,1.0,0.0,3.0,1.0,2.0,2.0,1.0,2.0,1.0,1.0,37.0,29.0,35.0,54.0,0.0,24.0,7.0,4.0,3.0,3.0,13.0,49.0,2.0,1.0,6.0,1.0,3.0,2.0,10.0,0.0,0.0,0.0,1.0,0.0,3.0,2.0,0.0,4.0,0.0,23.0,21.0,5.0,6.0,2.0,2.0,25.0,27.0,6.0,10.0,1.0,9.0,0.0,0.0,0.0,0.0,0.0,0.0,0.0,0.0,0.0,0.0,0.0,0.0,0.0,0.0,0.0,0.0,0.0,2.0,2.0,0.0,0.0,0.0,0.0,0.0,0.0,0.0,0.0,0.0,0.0,0.0,0.0,0.0,0.0,0.0,0.0,0.0,36.0,2.0,0.0,0.0,0.0,0.0,0.0,0.0,0.0,0.0,0.0,0.0,0.0,0.0,0.0,0.0,0.0,0.0,0.0,0.0,0.0,0.0,0.0,0.0,0.0,0.0,0.0,0.0,0.0,0.0,0.0,0.0,0.0,0.0,0.0,0.0,0.0,0.0,0.0,0.0,0.0,0.0,0.0,0.0,0.0,0.0,0.0,0.0,0.0
20,181,5287,39,male,3.0,2.0,6.0,3.0,5.0,1.0,10.0,6.0,36.0,18.0,9.0,4.0,19.0,5.0,13.0,7.0,12.0,10.0,20.0,13.0,8.0,11.0,6.0,2.0,1.0,1.0,1.0,3.0,8.0,83.0,47.0,96.0,31.0,34.0,0.0,302.0,86.0,366.0,212.0,82.0,16.0,237.0,63.0,134.0,48.0,83.0,85.0,131.0,86.0,54.0,71.0,25.0,37.0,1.0,1.0,7.0,2.0,4.0,10.0,43.0,184.0,1.0,0.0,0.0,4.0,6.0,4.0,7.0,1.0,2.0,2.0,1.0,44.0,187.0,39.0,294.0,20.0,49.0,91.0,43.0,4.0,8.0,217.0,172.0,1.0,11.0,146.0,8.0,301.0,3.0,87.0,0.0,0.0,1.0,2.0,3.0,1.0,3.0,6.0,93.0,18.0,10.0,18.0,2.0,5.0,2.0,11.0,32.0,112.0,100.0,357.0,2.0,4.0,0.0,0.0,0.0,0.0,0.0,0.0,0.0,0.0,0.0,0.0,0.0,0.0,1.0,0.0,0.0,1.0,1.0,1.0,2.0,0.0,0.0,0.0,0.0,0.0,0.0,0.0,0.0,0.0,0.0,0.0,0.0,4.0,0.0,0.0,14.0,20.0,7.0,50.0,0.0,0.0,0.0,0.0,0.0,0.0,0.0,0.0,0.0,0.0,0.0,0.0,0.0,0.0,0.0,0.0,0.0,0.0,0.0,0.0,0.0,0.0,0.0,0.0,0.0,0.0,0.0,0.0,0.0,0.0,0.0,0.0,0.0,0.0,0.0,0.0,0.0,0.0,0.0,0.0,0.0,0.0,0.0,0.0,0.0,0.0,0.0
21,70,1201,19,male,1.0,2.0,3.0,1.0,3.0,3.0,5.0,2.0,3.0,6.0,6.0,2.0,4.0,3.0,2.0,6.0,6.0,6.0,1.0,4.0,1.0,2.0,2.0,3.0,3.0,3.0,1.0,2.0,1.0,39.0,35.0,158.0,14.0,11.0,249.0,411.0,79.0,99.0,124.0,177.0,13.0,48.0,112.0,26.0,160.0,76.0,75.0,19.0,68.0,33.0,144.0,773.0,1183.0,170.0,16.0,9.0,3.0,0.0,18.0,12.0,3.0,4.0,1.0,0.0,1.0,1.0,3.0,1.0,1.0,1.0,1.0,1.0,8.0,18.0,102.0,7.0,0.0,1.0,17.0,18.0,1.0,1.0,23.0,0.0,2.0,7.0,226.0,3.0,57.0,1.0,28.0,0.0,0.0,5.0,6.0,1.0,7.0,3.0,164.0,82.0,17.0,403.0,275.0,1.0,3.0,1.0,3.0,0.0,169.0,24.0,362.0,2.0,14.0,0.0,0.0,0.0,0.0,0.0,0.0,0.0,0.0,0.0,0.0,0.0,0.0,0.0,0.0,1.0,2.0,4.0,5.0,5.0,0.0,0.0,0.0,0.0,0.0,0.0,0.0,0.0,0.0,0.0,0.0,0.0,0.0,0.0,12.0,26.0,364.0,179.0,471.0,0.0,0.0,2.0,77.0,0.0,0.0,0.0,0.0,0.0,0.0,0.0,0.0,0.0,0.0,0.0,0.0,0.0,0.0,0.0,0.0,0.0,0.0,0.0,0.0,0.0,0.0,0.0,0.0,0.0,0.0,0.0,0.0,0.0,0.0,0.0,0.0,0.0,0.0,0.0,0.0,0.0,0.0,0.0,0.0,0.0,0.0,0.0
22,49,1369,16,male,5.0,5.0,1.0,1.0,6.0,6.0,10.0,4.0,6.0,11.0,7.0,6.0,3.0,2.0,2.0,5.0,7.0,1.0,3.0,2.0,2.0,4.0,4.0,5.0,7.0,1.0,3.0,2.0,1.0,202.0,628.0,24.0,56.0,536.0,1083.0,690.0,530.0,478.0,1309.0,1079.0,693.0,480.0,77.0,15.0,205.0,552.0,6.0,56.0,153.0,35.0,206.0,779.0,162.0,333.0,13.0,23.0,8.0,0.0,1.0,12.0,130.0,1.0,0.0,0.0,1.0,1.0,1.0,1.0,2.0,5.0,1.0,1.0,2.0,13.0,68.0,386.0,59.0,997.0,505.0,29.0,1.0,1.0,0.0,33.0,1.0,5.0,91.0,2.0,21.0,2.0,0.0,0.0,0.0,4.0,5.0,3.0,2.0,1.0,64.0,11.0,111.0,1.0,3.0,2.0,2.0,1.0,1.0,14.0,9.0,0.0,2.0,1.0,6.0,0.0,0.0,0.0,0.0,0.0,0.0,0.0,0.0,0.0,0.0,2.0,0.0,0.0,0.0,0.0,1.0,0.0,1.0,8.0,0.0,0.0,0.0,0.0,0.0,0.0,0.0,0.0,0.0,0.0,5.0,0.0,0.0,0.0,0.0,38.0,0.0,8.0,119.0,3.0,52.0,2.0,14.0,0.0,0.0,0.0,0.0,0.0,0.0,0.0,0.0,0.0,0.0,0.0,0.0,0.0,0.0,0.0,0.0,0.0,0.0,0.0,0.0,0.0,0.0,0.0,0.0,0.0,0.0,0.0,0.0,0.0,0.0,0.0,0.0,0.0,0.0,0.0,0.0,0.0,0.0,0.0,0.0,0.0,0.0,0.0
23,88,979,18,male,1.0,7.0,3.0,4.0,2.0,1.0,1.0,1.0,1.0,1.0,1.0,3.0,2.0,3.0,9.0,6.0,3.0,2.0,6.0,7.0,12.0,6.0,9.0,16.0,13.0,9.0,14.0,16.0,14.0,0.0,406.0,12.0,10.0,0.0,0.0,5.0,10.0,180.0,11.0,38.0,45.0,95.0,115.0,234.0,205.0,116.0,80.0,227.0,154.0,486.0,96.0,99.0,192.0,182.0,143.0,57.0,42.0,11.0,1.0,64.0,137.0,14.0,0.0,0.0,1.0,1.0,2.0,2.0,5.0,1.0,1.0,2.0,10.0,7.0,9.0,19.0,34.0,47.0,7.0,53.0,2.0,2.0,11.0,28.0,2.0,3.0,66.0,5.0,116.0,1.0,22.0,0.0,0.0,0.0,2.0,2.0,0.0,3.0,0.0,10.0,22.0,0.0,84.0,7.0,2.0,4.0,0.0,13.0,8.0,9.0,0.0,5.0,214.0,0.0,0.0,0.0,0.0,2.0,1.0,0.0,4.0,3.0,3.0,2.0,3.0,4.0,0.0,0.0,0.0,0.0,1.0,3.0,0.0,0.0,0.0,0.0,0.0,0.0,0.0,0.0,0.0,0.0,0.0,0.0,0.0,0.0,0.0,0.0,0.0,0.0,143.0,1.0,0.0,1.0,7.0,0.0,0.0,0.0,0.0,0.0,0.0,0.0,0.0,0.0,0.0,0.0,0.0,0.0,0.0,0.0,0.0,0.0,0.0,0.0,0.0,0.0,0.0,0.0,0.0,0.0,0.0,0.0,0.0,0.0,0.0,0.0,1.0,1.0,1.0,1.0,1.0,0.0,0.0,0.0,0.0,0.0,0.0,0.0
24,94,1243,18,female,2.0,1.0,1.0,1.0,3.0,4.0,3.0,2.0,3.0,2.0,4.0,6.0,5.0,2.0,1.0,3.0,2.0,3.0,2.0,1.0,2.0,4.0,5.0,1.0,1.0,2.0,5.0,4.0,2.0,4.0,1.0,2.0,0.0,3.0,1.0,3.0,0.0,157.0,28.0,22.0,94.0,144.0,5.0,57.0,69.0,28.0,10.0,31.0,2.0,49.0,47.0,54.0,10.0,3.0,17.0,45.0,4.0,2.0,14.0,10.0,9.0,1.0,0.0,0.0,1.0,2.0,1.0,2.0,3.0,1.0,2.0,3.0,22.0,16.0,6.0,175.0,91.0,30.0,37.0,15.0,1.0,1.0,22.0,3.0,1.0,2.0,18.0,0.0,0.0,1.0,10.0,0.0,0.0,0.0,0.0,0.0,0.0,0.0,0.0,0.0,0.0,0.0,0.0,1.0,3.0,0.0,3.0,1.0,2.0,0.0,199.0,0.0,0.0,0.0,0.0,0.0,0.0,0.0,0.0,0.0,0.0,0.0,0.0,0.0,0.0,0.0,0.0,0.0,0.0,0.0,0.0,0.0,0.0,0.0,0.0,0.0,0.0,0.0,0.0,0.0,0.0,0.0,0.0,0.0,0.0,0.0,0.0,0.0,0.0,0.0,0.0,0.0,0.0,0.0,0.0,0.0,0.0,0.0,0.0,0.0,0.0,0.0,0.0,0.0,0.0,0.0,0.0,0.0,0.0,0.0,0.0,0.0,0.0,0.0,0.0,0.0,0.0,0.0,0.0,0.0,0.0,0.0,0.0,0.0,0.0,0.0,0.0,0.0,0.0,0.0,0.0,0.0,0.0,0.0,0.0,0.0,0.0,0.0
25,71,941,13,male,1.0,1.0,2.0,3.0,3.0,1.0,3.0,1.0,9.0,2.0,8.0,7.0,7.0,15.0,11.0,7.0,6.0,11.0,6.0,11.0,2.0,3.0,10.0,5.0,8.0,6.0,1.0,4.0,1.0,0.0,7.0,27.0,8.0,2.0,16.0,8.0,4.0,186.0,17.0,79.0,64.0,30.0,122.0,88.0,44.0,38.0,104.0,42.0,111.0,2.0,8.0,67.0,11.0,28.0,18.0,22.0,6.0,0.0,31.0,81.0,24.0,12.0,0.0,0.0,3.0,1.0,1.0,1.0,15.0,2.0,13.0,19.0,61.0,0.0,1.0,0.0,787.0,6.0,437.0,816.0,4.0,1.0,147.0,50.0,2.0,7.0,4.0,4.0,6.0,9.0,18.0,0.0,0.0,0.0,0.0,2.0,7.0,3.0,0.0,0.0,0.0,15.0,9.0,7.0,2.0,1.0,1.0,56.0,11.0,4.0,0.0,4.0,39.0,0.0,0.0,0.0,0.0,0.0,0.0,0.0,0.0,0.0,0.0,0.0,0.0,0.0,0.0,0.0,0.0,0.0,0.0,1.0,0.0,0.0,0.0,0.0,0.0,0.0,0.0,0.0,0.0,0.0,0.0,0.0,0.0,0.0,0.0,0.0,0.0,0.0,18.0,0.0,0.0,0.0,0.0,0.0,0.0,0.0,0.0,0.0,0.0,0.0,0.0,0.0,0.0,0.0,0.0,0.0,0.0,0.0,0.0,0.0,0.0,0.0,0.0,0.0,0.0,0.0,0.0,0.0,0.0,0.0,0.0,0.0,0.0,0.0,0.0,0.0,0.0,0.0,0.0,0.0,0.0,0.0,0.0,0.0,0.0,0.0
26,92,1162,20,female,5.0,3.0,2.0,2.0,1.0,21.0,1.0,1.0,2.0,1.0,8.0,1.0,3.0,2.0,2.0,3.0,8.0,1.0,6.0,4.0,6.0,7.0,10.0,8.0,7.0,12.0,7.0,14.0,6.0,20.0,24.0,17.0,166.0,0.0,928.0,1.0,21.0,225.0,7.0,18.0,26.0,88.0,67.0,120.0,30.0,176.0,68.0,124.0,53.0,30.0,116.0,181.0,168.0,77.0,184.0,84.0,53.0,5.0,1.0,84.0,23.0,2.0,0.0,0.0,2.0,4.0,2.0,3.0,1.0,11.0,16.0,3.0,1.0,5.0,9.0,8.0,5.0,309.0,315.0,4.0,0.0,1.0,0.0,0.0,1.0,2.0,15.0,0.0,0.0,1.0,32.0,0.0,0.0,0.0,0.0,0.0,0.0,0.0,0.0,0.0,0.0,0.0,0.0,0.0,0.0,0.0,0.0,0.0,0.0,0.0,0.0,0.0,0.0,0.0,0.0,0.0,0.0,0.0,0.0,0.0,0.0,0.0,0.0,0.0,0.0,0.0,0.0,0.0,0.0,0.0,0.0,0.0,0.0,0.0,0.0,0.0,0.0,0.0,0.0,0.0,0.0,0.0,0.0,0.0,0.0,0.0,0.0,0.0,0.0,0.0,0.0,0.0,0.0,0.0,0.0,0.0,0.0,0.0,0.0,0.0,0.0,0.0,0.0,0.0,0.0,0.0,0.0,0.0,0.0,0.0,0.0,0.0,0.0,0.0,0.0,0.0,0.0,0.0,0.0,0.0,0.0,0.0,0.0,0.0,0.0,0.0,0.0,0.0,0.0,0.0,0.0,0.0,0.0,0.0,0.0,0.0,0.0,0.0
27,38,491,11,male,8.0,12.0,10.0,9.0,13.0,12.0,8.0,5.0,1.0,1.0,22.0,1.0,2.0,4.0,1.0,1.0,4.0,1.0,2.0,7.0,3.0,7.0,10.0,5.0,7.0,4.0,7.0,6.0,6.0,865.0,791.0,498.0,436.0,457.0,408.0,553.0,152.0,18.0,47.0,2375.0,0.0,156.0,194.0,114.0,30.0,316.0,1.0,45.0,249.0,75.0,224.0,109.0,34.0,118.0,145.0,102.0,6.0,1.0,3.0,62.0,12.0,1.0,0.0,0.0,1.0,1.0,1.0,1.0,1.0,1.0,3.0,4.0,66.0,56.0,0.0,85.0,157.0,10.0,81.0,228.0,1.0,1.0,32.0,0.0,1.0,0.0,0.0,0.0,0.0,1.0,0.0,0.0,0.0,0.0,0.0,0.0,0.0,0.0,0.0,0.0,0.0,0.0,0.0,1.0,2.0,0.0,0.0,0.0,2.0,0.0,0.0,0.0,0.0,0.0,0.0,0.0,0.0,0.0,0.0,0.0,0.0,0.0,0.0,0.0,0.0,0.0,0.0,0.0,0.0,0.0,0.0,0.0,0.0,0.0,0.0,0.0,0.0,0.0,0.0,0.0,0.0,0.0,0.0,0.0,0.0,0.0,0.0,0.0,0.0,0.0,0.0,0.0,0.0,0.0,0.0,0.0,0.0,0.0,0.0,0.0,0.0,0.0,0.0,0.0,0.0,0.0,0.0,0.0,0.0,0.0,0.0,0.0,0.0,0.0,0.0,0.0,0.0,0.0,0.0,0.0,0.0,0.0,0.0,0.0,0.0,0.0,0.0,0.0,0.0,0.0,0.0,0.0,0.0,0.0,0.0,0.0,0.0,0.0
28,118,1332,18,male,2.0,6.0,7.0,9.0,17.0,35.0,30.0,27.0,48.0,49.0,66.0,58.0,60.0,62.0,46.0,63.0,37.0,37.0,55.0,32.0,40.0,51.0,48.0,48.0,32.0,47.0,40.0,30.0,21.0,24.0,105.0,22.0,34.0,115.0,335.0,511.0,219.0,987.0,714.0,1679.0,1419.0,1544.0,1629.0,1766.0,2550.0,637.0,544.0,2993.0,936.0,1728.0,2150.0,3576.0,2021.0,1241.0,1494.0,758.0,406.0,54.0,46.0,51.0,1012.0,2.0,0.0,0.0,0.0,1.0,1.0,1.0,1.0,1.0,3.0,2.0,0.0,4.0,1.0,3.0,3.0,6.0,77.0,73.0,0.0,1.0,0.0,15.0,3.0,0.0,0.0,0.0,0.0,0.0,0.0,0.0,0.0,0.0,0.0,0.0,0.0,0.0,0.0,0.0,0.0,0.0,0.0,0.0,0.0,1.0,1.0,0.0,0.0,8.0,6.0,0.0,0.0,0.0,0.0,0.0,0.0,0.0,0.0,0.0,0.0,0.0,0.0,0.0,0.0,0.0,0.0,0.0,0.0,0.0,0.0,0.0,0.0,0.0,0.0,0.0,0.0,0.0,0.0,0.0,0.0,0.0,0.0,0.0,0.0,0.0,0.0,0.0,0.0,0.0,0.0,0.0,0.0,0.0,0.0,0.0,0.0,0.0,0.0,0.0,0.0,0.0,0.0,0.0,0.0,0.0,0.0,0.0,0.0,0.0,0.0,0.0,0.0,0.0,0.0,0.0,0.0,0.0,0.0,0.0,0.0,0.0,0.0,0.0,0.0,0.0,0.0,0.0,0.0,0.0,0.0,0.0,0.0,0.0,0.0,0.0,0.0,0.0
29,135,1622,24,male,1.0,1.0,2.0,3.0,3.0,1.0,3.0,1.0,9.0,2.0,8.0,7.0,7.0,15.0,11.0,7.0,6.0,11.0,6.0,11.0,2.0,3.0,10.0,5.0,8.0,6.0,1.0,4.0,1.0,0.0,7.0,27.0,8.0,2.0,16.0,8.0,4.0,186.0,17.0,79.0,64.0,30.0,122.0,88.0,44.0,38.0,104.0,42.0,111.0,2.0,8.0,67.0,11.0,28.0,18.0,22.0,6.0,0.0,31.0,81.0,24.0,12.0,0.0,0.0,3.0,1.0,1.0,1.0,15.0,2.0,13.0,19.0,61.0,0.0,1.0,0.0,787.0,6.0,437.0,816.0,4.0,1.0,147.0,50.0,2.0,7.0,4.0,4.0,6.0,9.0,18.0,0.0,0.0,0.0,0.0,2.0,7.0,3.0,0.0,0.0,0.0,15.0,9.0,7.0,2.0,1.0,1.0,56.0,11.0,4.0,0.0,4.0,39.0,0.0,0.0,0.0,0.0,0.0,0.0,0.0,0.0,0.0,0.0,0.0,0.0,0.0,0.0,0.0,0.0,0.0,0.0,1.0,0.0,0.0,0.0,0.0,0.0,0.0,0.0,0.0,0.0,0.0,0.0,0.0,0.0,0.0,0.0,0.0,0.0,0.0,18.0,0.0,0.0,0.0,0.0,0.0,0.0,0.0,0.0,0.0,0.0,0.0,0.0,0.0,0.0,0.0,0.0,0.0,0.0,0.0,0.0,0.0,0.0,0.0,0.0,0.0,0.0,0.0,0.0,0.0,0.0,0.0,0.0,0.0,0.0,0.0,0.0,0.0,0.0,0.0,0.0,0.0,0.0,0.0,0.0,0.0,0.0,0.0
30,140,1414,21,male,8.0,13.0,1.0,1.0,2.0,1.0,7.0,8.0,7.0,17.0,13.0,9.0,14.0,10.0,1.0,5.0,1.0,1.0,1.0,3.0,3.0,2.0,5.0,5.0,6.0,3.0,5.0,6.0,10.0,744.0,649.0,0.0,2.0,15.0,30.0,292.0,288.0,196.0,297.0,213.0,58.0,196.0,172.0,8.0,153.0,4.0,0.0,28.0,95.0,282.0,510.0,318.0,210.0,354.0,62.0,269.0,29.0,6.0,1.0,25.0,10.0,17.0,0.0,0.0,7.0,2.0,2.0,5.0,7.0,2.0,1.0,11.0,339.0,21.0,291.0,973.0,378.0,1.0,2.0,375.0,2.0,3.0,0.0,204.0,6.0,1.0,0.0,5.0,303.0,4.0,67.0,0.0,0.0,0.0,0.0,1.0,3.0,1.0,0.0,0.0,0.0,0.0,7.0,1.0,1.0,2.0,1.0,0.0,56.0,39.0,3.0,4.0,13.0,0.0,0.0,0.0,0.0,0.0,0.0,0.0,0.0,0.0,0.0,0.0,0.0,0.0,0.0,0.0,0.0,0.0,0.0,0.0,0.0,0.0,0.0,0.0,0.0,0.0,0.0,0.0,0.0,0.0,0.0,0.0,0.0,0.0,0.0,0.0,0.0,0.0,0.0,0.0,0.0,0.0,0.0,0.0,0.0,0.0,0.0,0.0,0.0,0.0,0.0,0.0,0.0,0.0,0.0,0.0,0.0,0.0,0.0,0.0,0.0,0.0,0.0,0.0,0.0,0.0,0.0,0.0,0.0,0.0,0.0,0.0,0.0,0.0,0.0,0.0,0.0,0.0,0.0,0.0,0.0,0.0,0.0,0.0,0.0,0.0
31,171,1705,16,male,1.0,2.0,2.0,2.0,1.0,2.0,2.0,3.0,4.0,1.0,4.0,4.0,3.0,5.0,7.0,4.0,5.0,7.0,5.0,2.0,3.0,2.0,4.0,3.0,2.0,5.0,5.0,4.0,3.0,63.0,20.0,91.0,57.0,56.0,23.0,155.0,187.0,83.0,3.0,9.0,51.0,32.0,28.0,16.0,71.0,29.0,65.0,30.0,18.0,3.0,9.0,18.0,3.0,10.0,26.0,17.0,5.0,0.0,21.0,48.0,15.0,4.0,0.0,0.0,2.0,6.0,2.0,1.0,3.0,2.0,1.0,2.0,55.0,241.0,3.0,15.0,6.0,5.0,3.0,14.0,1.0,6.0,18.0,679.0,1.0,4.0,81.0,2.0,132.0,1.0,6.0,0.0,0.0,0.0,0.0,0.0,2.0,2.0,0.0,0.0,0.0,135.0,163.0,8.0,2.0,2.0,4.0,170.0,13.0,13.0,378.0,2.0,256.0,0.0,0.0,0.0,0.0,0.0,0.0,0.0,0.0,0.0,0.0,0.0,0.0,0.0,0.0,0.0,0.0,0.0,0.0,0.0,0.0,0.0,0.0,0.0,0.0,0.0,0.0,0.0,0.0,0.0,0.0,0.0,0.0,0.0,0.0,0.0,0.0,0.0,0.0,0.0,0.0,0.0,0.0,0.0,0.0,0.0,0.0,0.0,0.0,0.0,0.0,0.0,0.0,0.0,0.0,0.0,0.0,0.0,0.0,0.0,0.0,0.0,0.0,0.0,0.0,0.0,0.0,0.0,0.0,0.0,0.0,0.0,0.0,0.0,0.0,0.0,0.0,0.0,0.0,0.0,0.0,0.0,0.0,0.0,0.0,0.0
32,68,1371,21,male,3.0,6.0,4.0,7.0,6.0,4.0,5.0,4.0,2.0,17.0,7.0,12.0,10.0,5.0,12.0,9.0,15.0,12.0,11.0,4.0,2.0,9.0,4.0,4.0,17.0,5.0,1.0,1.0,1.0,35.0,40.0,140.0,45.0,226.0,20.0,448.0,60.0,108.0,1514.0,56.0,395.0,69.0,91.0,199.0,597.0,176.0,255.0,352.0,82.0,179.0,286.0,38.0,35.0,74.0,46.0,2.0,10.0,0.0,2.0,52.0,221.0,6.0,0.0,0.0,4.0,2.0,12.0,3.0,1.0,10.0,5.0,8.0,45.0,122.0,182.0,34.0,2.0,206.0,36.0,140.0,14.0,5.0,204.0,65.0,4.0,10.0,103.0,5.0,109.0,8.0,36.0,0.0,0.0,0.0,0.0,0.0,0.0,3.0,0.0,0.0,0.0,0.0,164.0,4.0,3.0,3.0,5.0,100.0,22.0,354.0,24.0,2.0,45.0,0.0,0.0,0.0,0.0,0.0,0.0,0.0,0.0,0.0,0.0,0.0,0.0,0.0,0.0,0.0,0.0,0.0,0.0,0.0,0.0,0.0,0.0,0.0,0.0,0.0,0.0,0.0,0.0,0.0,0.0,0.0,0.0,0.0,0.0,0.0,0.0,0.0,0.0,0.0,0.0,0.0,0.0,0.0,0.0,0.0,0.0,0.0,0.0,0.0,0.0,0.0,0.0,0.0,0.0,0.0,0.0,0.0,0.0,0.0,0.0,0.0,0.0,0.0,0.0,0.0,0.0,0.0,0.0,0.0,0.0,0.0,0.0,0.0,0.0,0.0,0.0,0.0,0.0,0.0,0.0,0.0,0.0,0.0,0.0,0.0
33,127,1783,25,male,5.0,1.0,3.0,4.0,3.0,1.0,2.0,3.0,4.0,2.0,1.0,3.0,3.0,1.0,1.0,8.0,3.0,4.0,11.0,5.0,5.0,8.0,9.0,11.0,5.0,3.0,6.0,8.0,2.0,261.0,21.0,125.0,108.0,60.0,71.0,46.0,120.0,777.0,120.0,2.0,187.0,12.0,18.0,1.0,13.0,0.0,138.0,517.0,147.0,131.0,132.0,74.0,580.0,92.0,19.0,50.0,19.0,2.0,13.0,66.0,11.0,3.0,0.0,0.0,5.0,6.0,6.0,2.0,2.0,5.0,9.0,6.0,72.0,187.0,391.0,77.0,80.0,169.0,198.0,202.0,3.0,1.0,224.0,32.0,1.0,2.0,44.0,3.0,105.0,1.0,62.0,0.0,0.0,2.0,2.0,4.0,2.0,4.0,193.0,120.0,32.0,19.0,146.0,6.0,4.0,9.0,4.0,203.0,123.0,690.0,72.0,2.0,103.0,0.0,0.0,0.0,0.0,0.0,0.0,0.0,0.0,0.0,0.0,0.0,0.0,0.0,1.0,1.0,3.0,3.0,1.0,3.0,0.0,0.0,0.0,0.0,0.0,0.0,0.0,0.0,0.0,0.0,0.0,0.0,0.0,7.0,15.0,42.0,99.0,6.0,274.0,1.0,49.0,2.0,67.0,0.0,0.0,0.0,0.0,0.0,0.0,0.0,0.0,0.0,0.0,0.0,0.0,0.0,0.0,0.0,0.0,0.0,0.0,0.0,0.0,0.0,0.0,0.0,0.0,0.0,0.0,0.0,0.0,0.0,0.0,0.0,0.0,0.0,0.0,0.0,0.0,0.0,0.0,0.0,0.0,0.0,0.0,0.0
34,44,428,12,male,6.0,1.0,2.0,7.0,2.0,1.0,6.0,1.0,7.0,2.0,12.0,8.0,5.0,3.0,6.0,7.0,9.0,3.0,7.0,5.0,3.0,4.0,2.0,1.0,2.0,5.0,2.0,1.0,1.0,30.0,26.0,9.0,76.0,6.0,14.0,67.0,10.0,189.0,43.0,285.0,98.0,154.0,31.0,105.0,38.0,34.0,85.0,57.0,14.0,16.0,11.0,4.0,0.0,35.0,19.0,0.0,0.0,1.0,29.0,77.0,23.0,1.0,0.0,0.0,1.0,11.0,9.0,1.0,1.0,13.0,4.0,4.0,0.0,91.0,139.0,11.0,1.0,326.0,12.0,14.0,2.0,7.0,65.0,118.0,1.0,1.0,14.0,2.0,17.0,2.0,1.0,0.0,0.0,2.0,3.0,5.0,1.0,4.0,19.0,110.0,83.0,16.0,285.0,2.0,1.0,3.0,3.0,19.0,19.0,244.0,24.0,4.0,71.0,0.0,0.0,0.0,0.0,0.0,0.0,0.0,0.0,0.0,0.0,0.0,0.0,0.0,0.0,0.0,0.0,1.0,1.0,0.0,0.0,0.0,0.0,0.0,0.0,0.0,0.0,0.0,0.0,0.0,0.0,0.0,0.0,0.0,0.0,0.0,3.0,0.0,0.0,0.0,0.0,1.0,9.0,0.0,0.0,0.0,0.0,0.0,0.0,0.0,0.0,0.0,0.0,0.0,0.0,0.0,0.0,0.0,0.0,0.0,0.0,0.0,0.0,0.0,0.0,0.0,0.0,0.0,0.0,0.0,0.0,0.0,0.0,0.0,0.0,0.0,0.0,0.0,0.0,0.0,0.0,0.0,0.0,0.0,0.0,0.0
35,246,2510,26,male,1.0,2.0,3.0,1.0,3.0,1.0,1.0,1.0,1.0,6.0,6.0,1.0,7.0,5.0,4.0,2.0,2.0,6.0,1.0,9.0,1.0,2.0,1.0,2.0,2.0,2.0,1.0,6.0,2.0,32.0,90.0,70.0,10.0,306.0,31.0,63.0,87.0,50.0,60.0,121.0,0.0,162.0,47.0,27.0,6.0,39.0,91.0,23.0,172.0,2.0,13.0,8.0,17.0,6.0,6.0,2.0,4.0,0.0,24.0,1.0,18.0,2.0,4.0,0.0,5.0,11.0,2.0,1.0,3.0,2.0,2.0,1.0,62.0,126.0,0.0,72.0,202.0,8.0,172.0,7.0,1.0,1.0,2.0,0.0,1.0,1.0,0.0,1.0,0.0,7.0,42.0,0.0,0.0,0.0,3.0,0.0,2.0,1.0,0.0,50.0,0.0,32.0,0.0,1.0,0.0,1.0,1.0,1.0,0.0,1.0,0.0,2.0,3.0,0.0,0.0,0.0,0.0,0.0,0.0,0.0,0.0,0.0,0.0,0.0,0.0,1.0,2.0,0.0,1.0,0.0,2.0,1.0,0.0,0.0,0.0,0.0,0.0,0.0,0.0,0.0,0.0,0.0,0.0,0.0,0.0,1.0,0.0,1.0,0.0,70.0,6.0,1.0,4.0,0.0,0.0,0.0,0.0,0.0,0.0,0.0,0.0,0.0,0.0,0.0,0.0,0.0,0.0,0.0,0.0,0.0,0.0,0.0,0.0,0.0,0.0,0.0,0.0,0.0,0.0,0.0,0.0,0.0,0.0,0.0,0.0,0.0,0.0,0.0,0.0,0.0,0.0,0.0,0.0,0.0,0.0,0.0,0.0,0.0
36,185,2669,29,male,12.0,4.0,9.0,8.0,3.0,3.0,1.0,3.0,1.0,2.0,3.0,1.0,1.0,1.0,6.0,2.0,1.0,1.0,1.0,1.0,1.0,8.0,2.0,1.0,8.0,3.0,3.0,4.0,7.0,1144.0,527.0,278.0,295.0,19.0,107.0,1.0,102.0,56.0,91.0,6.0,13.0,2.0,25.0,283.0,100.0,7.0,1.0,16.0,1.0,0.0,47.0,0.0,4.0,52.0,9.0,3.0,11.0,3.0,7.0,9.0,154.0,1.0,1.0,0.0,4.0,10.0,7.0,3.0,6.0,8.0,4.0,2.0,82.0,458.0,145.0,80.0,181.0,321.0,362.0,32.0,3.0,4.0,185.0,196.0,1.0,3.0,49.0,2.0,41.0,1.0,44.0,0.0,0.0,6.0,6.0,2.0,2.0,1.0,140.0,382.0,2.0,10.0,1.0,5.0,1.0,2.0,2.0,74.0,42.0,32.0,5.0,1.0,7.0,0.0,0.0,0.0,0.0,0.0,0.0,0.0,0.0,0.0,0.0,0.0,0.0,0.0,0.0,0.0,0.0,0.0,1.0,3.0,0.0,0.0,0.0,0.0,0.0,0.0,0.0,0.0,0.0,0.0,0.0,0.0,0.0,0.0,0.0,0.0,0.0,6.0,29.0,0.0,0.0,5.0,111.0,0.0,0.0,0.0,0.0,0.0,0.0,0.0,0.0,0.0,0.0,0.0,0.0,0.0,0.0,0.0,0.0,0.0,0.0,0.0,0.0,0.0,0.0,0.0,0.0,0.0,0.0,0.0,0.0,0.0,0.0,0.0,0.0,0.0,0.0,0.0,0.0,0.0,0.0,0.0,0.0,0.0,0.0,0.0
37,204,2962,29,male,4.0,3.0,2.0,6.0,4.0,3.0,2.0,5.0,6.0,5.0,8.0,3.0,6.0,6.0,6.0,8.0,14.0,6.0,14.0,12.0,11.0,11.0,7.0,10.0,5.0,7.0,16.0,14.0,4.0,38.0,17.0,31.0,163.0,209.0,12.0,1.0,16.0,322.0,18.0,45.0,3.0,59.0,26.0,40.0,97.0,69.0,56.0,28.0,17.0,15.0,48.0,18.0,18.0,9.0,29.0,32.0,88.0,8.0,59.0,99.0,56.0,3.0,1.0,0.0,2.0,2.0,1.0,2.0,1.0,2.0,3.0,1.0,27.0,10.0,25.0,44.0,2.0,3.0,22.0,2.0,4.0,1.0,0.0,0.0,1.0,6.0,2.0,0.0,0.0,1.0,9.0,0.0,0.0,0.0,0.0,0.0,0.0,0.0,0.0,0.0,0.0,0.0,0.0,0.0,0.0,0.0,6.0,0.0,0.0,0.0,2.0,0.0,0.0,0.0,0.0,0.0,0.0,0.0,0.0,0.0,0.0,0.0,0.0,0.0,0.0,0.0,0.0,0.0,0.0,0.0,2.0,0.0,0.0,0.0,0.0,0.0,0.0,0.0,0.0,0.0,0.0,0.0,0.0,0.0,0.0,0.0,0.0,0.0,0.0,18.0,0.0,0.0,0.0,0.0,0.0,0.0,0.0,0.0,0.0,0.0,0.0,0.0,0.0,0.0,0.0,0.0,0.0,0.0,0.0,0.0,0.0,0.0,0.0,0.0,0.0,0.0,0.0,0.0,0.0,0.0,0.0,0.0,0.0,0.0,0.0,0.0,0.0,0.0,0.0,0.0,0.0,0.0,0.0,0.0,0.0,0.0,0.0,0.0
38,140,1902,23,male,5.0,4.0,5.0,7.0,3.0,4.0,3.0,1.0,2.0,4.0,2.0,3.0,3.0,1.0,4.0,1.0,1.0,11.0,14.0,12.0,2.0,4.0,4.0,5.0,4.0,2.0,6.0,4.0,4.0,108.0,90.0,56.0,62.0,15.0,49.0,62.0,47.0,98.0,158.0,6.0,66.0,26.0,10.0,152.0,1.0,1.0,192.0,182.0,101.0,15.0,23.0,58.0,115.0,27.0,21.0,27.0,4.0,0.0,12.0,45.0,13.0,4.0,0.0,0.0,2.0,2.0,5.0,2.0,6.0,6.0,4.0,1.0,22.0,16.0,20.0,6.0,51.0,146.0,24.0,3.0,3.0,3.0,0.0,10.0,1.0,4.0,68.0,4.0,0.0,1.0,79.0,0.0,0.0,0.0,0.0,0.0,0.0,0.0,0.0,0.0,0.0,0.0,0.0,0.0,6.0,0.0,3.0,0.0,25.0,0.0,2.0,0.0,0.0,0.0,0.0,0.0,0.0,0.0,0.0,0.0,0.0,0.0,0.0,0.0,0.0,0.0,0.0,0.0,0.0,0.0,0.0,0.0,0.0,0.0,0.0,0.0,0.0,0.0,0.0,0.0,0.0,0.0,0.0,0.0,0.0,0.0,0.0,0.0,0.0,0.0,0.0,0.0,0.0,0.0,0.0,0.0,0.0,0.0,0.0,0.0,0.0,0.0,0.0,0.0,0.0,0.0,0.0,0.0,0.0,0.0,0.0,0.0,0.0,0.0,0.0,0.0,0.0,0.0,0.0,0.0,0.0,0.0,0.0,0.0,0.0,0.0,0.0,0.0,0.0,0.0,0.0,0.0,0.0,0.0,0.0,0.0,0.0,0.0
39,84,464,11,female,6.0,8.0,4.0,3.0,4.0,2.0,5.0,2.0,3.0,3.0,1.0,1.0,2.0,4.0,4.0,3.0,6.0,5.0,9.0,1.0,9.0,7.0,10.0,16.0,12.0,7.0,9.0,8.0,8.0,111.0,373.0,146.0,71.0,587.0,73.0,519.0,94.0,282.0,310.0,42.0,84.0,61.0,70.0,182.0,13.0,62.0,64.0,67.0,2.0,27.0,62.0,194.0,75.0,175.0,25.0,46.0,25.0,13.0,9.0,64.0,35.0,2.0,0.0,0.0,1.0,4.0,4.0,2.0,1.0,6.0,4.0,3.0,6.0,28.0,41.0,17.0,71.0,123.0,165.0,96.0,4.0,4.0,13.0,63.0,1.0,4.0,41.0,3.0,22.0,4.0,149.0,0.0,0.0,0.0,0.0,0.0,0.0,1.0,0.0,0.0,0.0,0.0,4.0,1.0,1.0,3.0,11.0,0.0,45.0,46.0,348.0,0.0,0.0,0.0,0.0,0.0,0.0,0.0,0.0,0.0,1.0,0.0,0.0,0.0,0.0,0.0,1.0,0.0,0.0,0.0,0.0,0.0,0.0,0.0,0.0,0.0,0.0,0.0,0.0,0.0,0.0,0.0,0.0,0.0,0.0,0.0,0.0,0.0,0.0,0.0,0.0,0.0,0.0,2.0,77.0,0.0,0.0,0.0,0.0,0.0,0.0,0.0,0.0,0.0,0.0,0.0,0.0,0.0,0.0,0.0,0.0,0.0,0.0,0.0,0.0,0.0,0.0,0.0,0.0,0.0,0.0,0.0,0.0,0.0,0.0,0.0,0.0,0.0,0.0,0.0,0.0,0.0,0.0,0.0,0.0,0.0,0.0,0.0
40,82,1430,21,male,2.0,1.0,1.0,1.0,3.0,4.0,3.0,2.0,3.0,2.0,4.0,6.0,5.0,2.0,1.0,3.0,2.0,3.0,2.0,1.0,2.0,4.0,5.0,1.0,1.0,2.0,5.0,4.0,2.0,4.0,1.0,2.0,0.0,3.0,1.0,3.0,0.0,157.0,28.0,22.0,94.0,144.0,5.0,57.0,69.0,28.0,10.0,31.0,2.0,49.0,47.0,54.0,10.0,3.0,17.0,45.0,4.0,2.0,14.0,10.0,9.0,1.0,0.0,0.0,1.0,2.0,1.0,2.0,3.0,1.0,2.0,3.0,22.0,16.0,6.0,175.0,91.0,30.0,37.0,15.0,1.0,1.0,22.0,3.0,1.0,2.0,18.0,0.0,0.0,1.0,10.0,0.0,0.0,0.0,0.0,0.0,0.0,0.0,0.0,0.0,0.0,0.0,0.0,1.0,3.0,0.0,3.0,1.0,2.0,0.0,199.0,0.0,0.0,0.0,0.0,0.0,0.0,0.0,0.0,0.0,0.0,0.0,0.0,0.0,0.0,0.0,0.0,0.0,0.0,0.0,0.0,0.0,0.0,0.0,0.0,0.0,0.0,0.0,0.0,0.0,0.0,0.0,0.0,0.0,0.0,0.0,0.0,0.0,0.0,0.0,0.0,0.0,0.0,0.0,0.0,0.0,0.0,0.0,0.0,0.0,0.0,0.0,0.0,0.0,0.0,0.0,0.0,0.0,0.0,0.0,0.0,0.0,0.0,0.0,0.0,0.0,0.0,0.0,0.0,0.0,0.0,0.0,0.0,0.0,0.0,0.0,0.0,0.0,0.0,0.0,0.0,0.0,0.0,0.0,0.0,0.0,0.0,0.0
41,120,960,14,female,1.0,1.0,3.0,1.0,1.0,2.0,4.0,1.0,1.0,3.0,2.0,6.0,6.0,3.0,5.0,6.0,4.0,10.0,6.0,4.0,5.0,1.0,4.0,3.0,2.0,4.0,4.0,4.0,4.0,0.0,164.0,30.0,0.0,0.0,13.0,34.0,2.0,3.0,31.0,110.0,202.0,354.0,83.0,144.0,332.0,166.0,205.0,59.0,117.0,132.0,51.0,183.0,166.0,23.0,118.0,26.0,18.0,2.0,3.0,33.0,42.0,1.0,0.0,0.0,11.0,6.0,16.0,13.0,16.0,16.0,1.0,2.0,2619.0,193.0,452.0,348.0,1432.0,1046.0,9.0,8.0,7.0,12.0,216.0,327.0,2.0,9.0,794.0,0.0,0.0,1.0,10.0,0.0,0.0,0.0,0.0,0.0,0.0,0.0,0.0,0.0,0.0,0.0,0.0,1.0,2.0,1.0,2.0,69.0,10.0,16.0,57.0,1.0,33.0,0.0,0.0,0.0,0.0,0.0,0.0,0.0,0.0,0.0,0.0,0.0,0.0,0.0,0.0,0.0,0.0,0.0,0.0,0.0,0.0,0.0,0.0,0.0,0.0,0.0,0.0,0.0,0.0,0.0,0.0,0.0,0.0,0.0,0.0,0.0,0.0,0.0,0.0,0.0,0.0,0.0,0.0,0.0,0.0,0.0,0.0,0.0,0.0,0.0,0.0,0.0,0.0,0.0,0.0,0.0,0.0,0.0,0.0,0.0,0.0,0.0,0.0,0.0,0.0,0.0,0.0,0.0,0.0,0.0,0.0,0.0,0.0,0.0,0.0,0.0,0.0,0.0,0.0,0.0,0.0,0.0,0.0,0.0,0.0,0.0
42,27,1247,17,male,2.0,2.0,9.0,1.0,2.0,1.0,2.0,1.0,3.0,5.0,10.0,12.0,8.0,5.0,11.0,14.0,6.0,6.0,10.0,8.0,7.0,10.0,7.0,8.0,7.0,2.0,2.0,3.0,2.0,23.0,3.0,195.0,8.0,14.0,0.0,15.0,23.0,64.0,55.0,456.0,127.0,118.0,51.0,84.0,242.0,38.0,38.0,72.0,58.0,70.0,24.0,38.0,74.0,19.0,3.0,5.0,3.0,0.0,39.0,79.0,23.0,8.0,0.0,0.0,5.0,1.0,10.0,8.0,5.0,8.0,1.0,3.0,49.0,12.0,207.0,14.0,231.0,152.0,7.0,115.0,5.0,2.0,42.0,11.0,1.0,8.0,21.0,1.0,17.0,3.0,20.0,0.0,0.0,0.0,0.0,1.0,1.0,1.0,0.0,0.0,0.0,0.0,1.0,1.0,4.0,3.0,1.0,0.0,36.0,6.0,0.0,1.0,2.0,0.0,0.0,0.0,0.0,0.0,1.0,0.0,1.0,0.0,0.0,0.0,0.0,0.0,0.0,0.0,0.0,0.0,0.0,1.0,0.0,0.0,0.0,0.0,0.0,0.0,0.0,0.0,0.0,0.0,0.0,0.0,0.0,0.0,0.0,0.0,0.0,0.0,0.0,0.0,0.0,0.0,0.0,0.0,0.0,0.0,0.0,0.0,0.0,0.0,0.0,0.0,0.0,0.0,0.0,0.0,0.0,0.0,0.0,0.0,0.0,0.0,0.0,0.0,0.0,0.0,0.0,0.0,0.0,0.0,0.0,0.0,0.0,0.0,0.0,0.0,0.0,0.0,1.0,0.0,0.0,0.0,0.0,15.0,0.0,0.0
43,62,1267,19,male,1.0,2.0,2.0,2.0,1.0,2.0,2.0,3.0,4.0,1.0,4.0,4.0,3.0,5.0,7.0,4.0,5.0,7.0,5.0,2.0,3.0,2.0,4.0,3.0,2.0,5.0,5.0,4.0,3.0,63.0,20.0,91.0,57.0,56.0,23.0,155.0,187.0,83.0,3.0,9.0,51.0,32.0,28.0,16.0,71.0,29.0,65.0,30.0,18.0,3.0,9.0,18.0,3.0,10.0,26.0,17.0,5.0,0.0,21.0,48.0,15.0,4.0,0.0,0.0,2.0,6.0,2.0,1.0,3.0,2.0,1.0,2.0,55.0,241.0,3.0,15.0,6.0,5.0,3.0,14.0,1.0,6.0,18.0,679.0,1.0,4.0,81.0,2.0,132.0,1.0,6.0,0.0,0.0,0.0,0.0,0.0,2.0,2.0,0.0,0.0,0.0,135.0,163.0,8.0,2.0,2.0,4.0,170.0,13.0,13.0,378.0,2.0,256.0,0.0,0.0,0.0,0.0,0.0,0.0,0.0,0.0,0.0,0.0,0.0,0.0,0.0,0.0,0.0,0.0,0.0,0.0,0.0,0.0,0.0,0.0,0.0,0.0,0.0,0.0,0.0,0.0,0.0,0.0,0.0,0.0,0.0,0.0,0.0,0.0,0.0,0.0,0.0,0.0,0.0,0.0,0.0,0.0,0.0,0.0,0.0,0.0,0.0,0.0,0.0,0.0,0.0,0.0,0.0,0.0,0.0,0.0,0.0,0.0,0.0,0.0,0.0,0.0,0.0,0.0,0.0,0.0,0.0,0.0,0.0,0.0,0.0,0.0,0.0,0.0,0.0,0.0,0.0,0.0,0.0,0.0,0.0,0.0,0.0
44,42,926,12,male,3.0,2.0,2.0,1.0,5.0,1.0,1.0,1.0,2.0,1.0,1.0,1.0,6.0,3.0,2.0,3.0,4.0,5.0,12.0,16.0,16.0,8.0,1.0,8.0,1.0,1.0,1.0,2.0,4.0,7.0,16.0,5.0,27.0,162.0,5.0,3.0,32.0,77.0,36.0,16.0,975.0,710.0,27.0,6.0,53.0,44.0,24.0,77.0,43.0,65.0,38.0,28.0,12.0,0.0,9.0,6.0,6.0,1.0,38.0,2.0,11.0,4.0,1.0,0.0,2.0,3.0,1.0,3.0,1.0,2.0,1.0,5.0,7.0,1.0,8.0,52.0,1.0,51.0,2.0,25.0,3.0,1.0,2.0,2.0,1.0,3.0,21.0,0.0,0.0,2.0,5.0,0.0,0.0,0.0,0.0,0.0,0.0,0.0,0.0,0.0,0.0,0.0,0.0,0.0,0.0,0.0,0.0,0.0,0.0,0.0,0.0,0.0,0.0,0.0,0.0,0.0,0.0,0.0,0.0,0.0,0.0,0.0,0.0,0.0,0.0,0.0,0.0,0.0,0.0,0.0,0.0,0.0,0.0,0.0,0.0,0.0,0.0,0.0,0.0,0.0,0.0,0.0,0.0,0.0,0.0,0.0,0.0,0.0,0.0,0.0,0.0,0.0,0.0,0.0,0.0,0.0,0.0,0.0,0.0,0.0,0.0,0.0,0.0,0.0,0.0,0.0,0.0,0.0,0.0,0.0,0.0,0.0,0.0,0.0,0.0,0.0,0.0,0.0,0.0,0.0,0.0,0.0,0.0,0.0,0.0,0.0,0.0,0.0,0.0,0.0,0.0,0.0,0.0,0.0,0.0,0.0,0.0,0.0
45,117,1008,19,female,2.0,1.0,3.0,5.0,2.0,3.0,2.0,1.0,2.0,2.0,2.0,2.0,2.0,1.0,1.0,3.0,1.0,7.0,9.0,3.0,8.0,3.0,8.0,2.0,18.0,11.0,18.0,1.0,13.0,98.0,167.0,84.0,48.0,37.0,6.0,15.0,3.0,51.0,51.0,78.0,159.0,37.0,66.0,50.0,51.0,28.0,81.0,71.0,21.0,86.0,351.0,17.0,27.0,129.0,60.0,94.0,11.0,5.0,91.0,47.0,56.0,3.0,0.0,0.0,1.0,2.0,1.0,2.0,3.0,1.0,2.0,3.0,1.0,42.0,10.0,5.0,96.0,32.0,42.0,180.0,4.0,2.0,58.0,102.0,0.0,2.0,10.0,1.0,3.0,0.0,0.0,0.0,0.0,1.0,2.0,0.0,2.0,2.0,0.0,10.0,0.0,7.0,15.0,2.0,0.0,2.0,2.0,5.0,0.0,25.0,16.0,1.0,10.0,0.0,0.0,1.0,0.0,0.0,0.0,0.0,0.0,2.0,4.0,0.0,1.0,3.0,1.0,0.0,0.0,2.0,0.0,0.0,0.0,0.0,0.0,0.0,0.0,0.0,0.0,0.0,4.0,39.0,0.0,2.0,5.0,12.0,0.0,0.0,0.0,0.0,0.0,2.0,7.0,1.0,0.0,0.0,0.0,0.0,0.0,0.0,0.0,0.0,0.0,0.0,0.0,0.0,0.0,0.0,0.0,0.0,0.0,0.0,0.0,0.0,0.0,0.0,0.0,0.0,0.0,0.0,0.0,0.0,0.0,0.0,0.0,0.0,0.0,0.0,0.0,0.0,0.0,0.0,0.0,0.0,0.0,0.0,0.0,0.0
46,73,769,14,male,4.0,8.0,6.0,7.0,7.0,6.0,1.0,5.0,2.0,2.0,3.0,1.0,4.0,2.0,2.0,7.0,10.0,20.0,25.0,9.0,10.0,14.0,17.0,9.0,9.0,21.0,11.0,21.0,7.0,219.0,885.0,489.0,170.0,223.0,150.0,99.0,992.0,48.0,0.0,52.0,2.0,37.0,7.0,4.0,40.0,64.0,77.0,168.0,38.0,298.0,121.0,158.0,52.0,35.0,101.0,146.0,75.0,9.0,10.0,92.0,78.0,19.0,1.0,0.0,1.0,3.0,1.0,5.0,4.0,6.0,4.0,4.0,24.0,177.0,9.0,99.0,64.0,68.0,82.0,36.0,2.0,2.0,17.0,198.0,1.0,1.0,0.0,4.0,123.0,4.0,32.0,0.0,0.0,1.0,0.0,1.0,2.0,1.0,20.0,0.0,5.0,7.0,12.0,1.0,2.0,1.0,2.0,0.0,12.0,4.0,87.0,2.0,6.0,0.0,0.0,0.0,0.0,0.0,0.0,0.0,0.0,0.0,1.0,1.0,0.0,0.0,1.0,1.0,1.0,4.0,6.0,3.0,0.0,0.0,0.0,0.0,0.0,0.0,0.0,0.0,0.0,1.0,8.0,0.0,0.0,1.0,18.0,8.0,20.0,56.0,19.0,1.0,3.0,2.0,23.0,0.0,0.0,0.0,0.0,0.0,0.0,0.0,0.0,0.0,0.0,0.0,0.0,0.0,0.0,0.0,0.0,0.0,0.0,0.0,0.0,0.0,0.0,0.0,0.0,0.0,0.0,0.0,0.0,0.0,0.0,0.0,0.0,0.0,0.0,0.0,0.0,0.0,0.0,0.0,0.0,0.0,0.0,0.0
47,226,7573,45,male,1.0,2.0,1.0,1.0,4.0,2.0,2.0,1.0,2.0,7.0,3.0,6.0,8.0,13.0,8.0,4.0,5.0,2.0,4.0,5.0,1.0,4.0,1.0,9.0,1.0,3.0,2.0,2.0,3.0,190.0,12.0,68.0,28.0,187.0,72.0,65.0,26.0,3.0,116.0,0.0,132.0,285.0,289.0,24.0,257.0,60.0,1.0,58.0,67.0,1.0,10.0,9.0,56.0,1.0,8.0,0.0,7.0,1.0,3.0,46.0,43.0,1.0,0.0,0.0,1.0,1.0,0.0,1.0,2.0,3.0,2.0,1.0,1.0,27.0,0.0,10.0,75.0,21.0,76.0,13.0,0.0,0.0,0.0,0.0,1.0,0.0,0.0,0.0,0.0,1.0,87.0,0.0,0.0,0.0,0.0,0.0,0.0,0.0,0.0,0.0,0.0,0.0,0.0,0.0,0.0,0.0,0.0,0.0,0.0,0.0,0.0,0.0,0.0,0.0,0.0,0.0,0.0,0.0,0.0,0.0,0.0,0.0,0.0,0.0,0.0,0.0,0.0,0.0,0.0,0.0,0.0,0.0,0.0,0.0,0.0,0.0,0.0,0.0,0.0,0.0,0.0,0.0,0.0,0.0,0.0,0.0,0.0,0.0,0.0,0.0,0.0,0.0,0.0,0.0,0.0,0.0,0.0,0.0,0.0,0.0,0.0,0.0,0.0,0.0,0.0,0.0,0.0,0.0,0.0,0.0,0.0,0.0,0.0,0.0,0.0,0.0,0.0,0.0,0.0,0.0,0.0,0.0,0.0,0.0,0.0,0.0,0.0,0.0,0.0,0.0,0.0,0.0,0.0,0.0,0.0,0.0,0.0,0.0
48,63,1783,19,male,5.0,5.0,1.0,1.0,6.0,6.0,10.0,4.0,6.0,11.0,7.0,6.0,3.0,2.0,2.0,5.0,7.0,1.0,3.0,2.0,2.0,4.0,4.0,5.0,7.0,1.0,3.0,2.0,1.0,202.0,628.0,24.0,56.0,536.0,1083.0,690.0,530.0,478.0,1309.0,1079.0,693.0,480.0,77.0,15.0,205.0,552.0,6.0,56.0,153.0,35.0,206.0,779.0,162.0,333.0,13.0,23.0,8.0,0.0,1.0,12.0,130.0,1.0,0.0,0.0,1.0,1.0,1.0,1.0,2.0,5.0,1.0,1.0,2.0,13.0,68.0,386.0,59.0,997.0,505.0,29.0,1.0,1.0,0.0,33.0,1.0,5.0,91.0,2.0,21.0,2.0,0.0,0.0,0.0,4.0,5.0,3.0,2.0,1.0,64.0,11.0,111.0,1.0,3.0,2.0,2.0,1.0,1.0,14.0,9.0,0.0,2.0,1.0,6.0,0.0,0.0,0.0,0.0,0.0,0.0,0.0,0.0,0.0,0.0,2.0,0.0,0.0,0.0,0.0,1.0,0.0,1.0,8.0,0.0,0.0,0.0,0.0,0.0,0.0,0.0,0.0,0.0,0.0,5.0,0.0,0.0,0.0,0.0,38.0,0.0,8.0,119.0,3.0,52.0,2.0,14.0,0.0,0.0,0.0,0.0,0.0,0.0,0.0,0.0,0.0,0.0,0.0,0.0,0.0,0.0,0.0,0.0,0.0,0.0,0.0,0.0,0.0,0.0,0.0,0.0,0.0,0.0,0.0,0.0,0.0,0.0,0.0,0.0,0.0,0.0,0.0,0.0,0.0,0.0,0.0,0.0,0.0,0.0,0.0
49,272,4322,32,male,5.0,4.0,5.0,4.0,3.0,1.0,4.0,4.0,5.0,4.0,2.0,3.0,3.0,4.0,1.0,3.0,5.0,5.0,9.0,6.0,8.0,2.0,2.0,3.0,4.0,8.0,5.0,2.0,3.0,68.0,69.0,99.0,168.0,33.0,4.0,47.0,324.0,305.0,352.0,113.0,171.0,228.0,335.0,2.0,105.0,162.0,113.0,388.0,208.0,190.0,1125.0,115.0,191.0,99.0,155.0,53.0,3.0,2.0,1.0,42.0,120.0,4.0,0.0,0.0,4.0,1.0,1.0,1.0,2.0,2.0,2.0,1.0,2.0,79.0,25.0,45.0,21.0,10.0,23.0,14.0,1.0,2.0,15.0,3.0,1.0,2.0,1.0,1.0,16.0,4.0,1.0,0.0,0.0,0.0,2.0,1.0,0.0,4.0,0.0,77.0,8.0,0.0,6.0,1.0,5.0,6.0,5.0,6.0,63.0,5.0,27.0,1.0,0.0,0.0,0.0,0.0,0.0,0.0,0.0,0.0,0.0,0.0,0.0,0.0,0.0,0.0,0.0,0.0,0.0,0.0,0.0,0.0,0.0,0.0,0.0,0.0,0.0,0.0,0.0,0.0,0.0,0.0,0.0,0.0,0.0,0.0,0.0,0.0,0.0,0.0,0.0,0.0,0.0,0.0,0.0,0.0,0.0,0.0,0.0,0.0,0.0,0.0,0.0,0.0,0.0,0.0,0.0,0.0,0.0,0.0,0.0,0.0,0.0,0.0,0.0,0.0,0.0,0.0,0.0,0.0,0.0,0.0,0.0,0.0,0.0,0.0,0.0,0.0,0.0,0.0,0.0,0.0,0.0,0.0,0.0,0.0,0.0,0.0
50,37,1075,14,male,3.0,1.0,3.0,1.0,3.0,4.0,2.0,6.0,3.0,6.0,12.0,1.0,5.0,1.0,1.0,6.0,3.0,5.0,2.0,7.0,3.0,6.0,7.0,5.0,8.0,9.0,4.0,7.0,1.0,17.0,0.0,34.0,24.0,382.0,522.0,60.0,157.0,47.0,260.0,387.0,4.0,78.0,6.0,6.0,143.0,43.0,256.0,18.0,456.0,149.0,131.0,442.0,80.0,109.0,47.0,4.0,9.0,0.0,6.0,35.0,32.0,1.0,0.0,0.0,1.0,2.0,1.0,2.0,1.0,8.0,3.0,3.0,4.0,24.0,4.0,38.0,76.0,435.0,375.0,149.0,1.0,2.0,0.0,388.0,1.0,3.0,151.0,1.0,0.0,5.0,79.0,0.0,0.0,1.0,1.0,1.0,1.0,0.0,17.0,3.0,114.0,19.0,0.0,1.0,2.0,3.0,2.0,10.0,14.0,103.0,36.0,2.0,602.0,0.0,0.0,1.0,3.0,5.0,12.0,14.0,3.0,9.0,3.0,9.0,1.0,3.0,2.0,1.0,1.0,2.0,0.0,0.0,0.0,0.0,3.0,10.0,80.0,117.0,77.0,22.0,112.0,17.0,35.0,3.0,18.0,5.0,5.0,25.0,7.0,0.0,0.0,2.0,18.0,0.0,0.0,0.0,0.0,0.0,0.0,0.0,0.0,0.0,0.0,0.0,0.0,0.0,0.0,0.0,0.0,0.0,0.0,0.0,0.0,0.0,0.0,0.0,0.0,0.0,0.0,0.0,0.0,0.0,0.0,0.0,0.0,0.0,0.0,0.0,0.0,0.0,0.0,0.0,0.0,0.0,0.0,0.0,0.0,0.0
51,95,1035,18,male,7.0,1.0,1.0,1.0,2.0,1.0,2.0,13.0,3.0,17.0,1.0,1.0,1.0,7.0,12.0,5.0,8.0,9.0,7.0,11.0,10.0,9.0,10.0,12.0,16.0,8.0,12.0,9.0,5.0,539.0,7.0,12.0,12.0,299.0,26.0,105.0,441.0,76.0,720.0,19.0,2.0,29.0,183.0,188.0,97.0,122.0,99.0,58.0,74.0,101.0,92.0,129.0,118.0,83.0,55.0,59.0,5.0,1.0,57.0,68.0,33.0,5.0,0.0,0.0,0.0,0.0,5.0,4.0,2.0,8.0,9.0,4.0,0.0,0.0,197.0,56.0,36.0,247.0,299.0,478.0,3.0,1.0,170.0,41.0,1.0,0.0,0.0,0.0,0.0,3.0,15.0,0.0,0.0,0.0,0.0,0.0,0.0,0.0,0.0,0.0,0.0,0.0,0.0,1.0,0.0,1.0,2.0,3.0,0.0,37.0,66.0,0.0,0.0,0.0,0.0,0.0,0.0,0.0,0.0,0.0,0.0,0.0,0.0,0.0,0.0,0.0,0.0,0.0,0.0,0.0,0.0,0.0,0.0,0.0,0.0,0.0,0.0,0.0,0.0,0.0,0.0,0.0,0.0,0.0,0.0,0.0,0.0,0.0,0.0,0.0,0.0,0.0,0.0,0.0,0.0,0.0,0.0,0.0,0.0,0.0,0.0,0.0,0.0,0.0,0.0,0.0,0.0,0.0,0.0,0.0,0.0,0.0,0.0,0.0,0.0,0.0,0.0,0.0,0.0,0.0,0.0,0.0,0.0,0.0,0.0,0.0,0.0,0.0,0.0,0.0,0.0,0.0,0.0,0.0,0.0,0.0,0.0,0.0
52,50,548,12,male,1.0,1.0,1.0,1.0,1.0,2.0,3.0,4.0,5.0,13.0,2.0,3.0,4.0,3.0,3.0,6.0,10.0,8.0,9.0,8.0,5.0,7.0,12.0,14.0,10.0,12.0,24.0,14.0,8.0,4.0,13.0,6.0,8.0,14.0,2.0,3.0,1.0,24.0,24.0,23.0,118.0,69.0,112.0,47.0,179.0,134.0,160.0,195.0,213.0,118.0,107.0,101.0,168.0,61.0,127.0,127.0,33.0,1.0,12.0,106.0,43.0,1.0,0.0,0.0,11.0,5.0,8.0,1.0,2.0,1.0,1.0,2.0,613.0,1024.0,729.0,1.0,86.0,0.0,35.0,16.0,3.0,2.0,57.0,30.0,2.0,1.0,0.0,2.0,28.0,1.0,67.0,0.0,0.0,1.0,1.0,1.0,4.0,3.0,16.0,11.0,5.0,387.0,335.0,3.0,1.0,1.0,1.0,29.0,14.0,0.0,3.0,1.0,6.0,0.0,0.0,0.0,0.0,0.0,0.0,0.0,0.0,0.0,0.0,0.0,0.0,0.0,0.0,0.0,0.0,0.0,0.0,3.0,0.0,0.0,0.0,0.0,0.0,0.0,0.0,0.0,0.0,0.0,0.0,0.0,0.0,0.0,0.0,0.0,0.0,0.0,305.0,0.0,0.0,2.0,2.0,0.0,0.0,0.0,0.0,0.0,0.0,0.0,0.0,0.0,0.0,0.0,0.0,0.0,0.0,0.0,0.0,0.0,0.0,0.0,0.0,0.0,0.0,0.0,0.0,0.0,0.0,0.0,0.0,0.0,0.0,0.0,0.0,0.0,0.0,0.0,0.0,0.0,0.0,0.0,0.0,0.0,0.0,0.0
53,33,848,16,female,2.0,1.0,3.0,5.0,2.0,3.0,2.0,1.0,2.0,2.0,2.0,2.0,2.0,1.0,1.0,3.0,1.0,7.0,9.0,3.0,8.0,3.0,8.0,2.0,18.0,11.0,18.0,1.0,13.0,98.0,167.0,84.0,48.0,37.0,6.0,15.0,3.0,51.0,51.0,78.0,159.0,37.0,66.0,50.0,51.0,28.0,81.0,71.0,21.0,86.0,351.0,17.0,27.0,129.0,60.0,94.0,11.0,5.0,91.0,47.0,56.0,3.0,0.0,0.0,1.0,2.0,1.0,2.0,3.0,1.0,2.0,3.0,1.0,42.0,10.0,5.0,96.0,32.0,42.0,180.0,4.0,2.0,58.0,102.0,0.0,2.0,10.0,1.0,3.0,0.0,0.0,0.0,0.0,1.0,2.0,0.0,2.0,2.0,0.0,10.0,0.0,7.0,15.0,2.0,0.0,2.0,2.0,5.0,0.0,25.0,16.0,1.0,10.0,0.0,0.0,1.0,0.0,0.0,0.0,0.0,0.0,2.0,4.0,0.0,1.0,3.0,1.0,0.0,0.0,2.0,0.0,0.0,0.0,0.0,0.0,0.0,0.0,0.0,0.0,0.0,4.0,39.0,0.0,2.0,5.0,12.0,0.0,0.0,0.0,0.0,0.0,2.0,7.0,1.0,0.0,0.0,0.0,0.0,0.0,0.0,0.0,0.0,0.0,0.0,0.0,0.0,0.0,0.0,0.0,0.0,0.0,0.0,0.0,0.0,0.0,0.0,0.0,0.0,0.0,0.0,0.0,0.0,0.0,0.0,0.0,0.0,0.0,0.0,0.0,0.0,0.0,0.0,0.0,0.0,0.0,0.0,0.0,0.0
54,154,2333,26,male,2.0,2.0,4.0,2.0,2.0,7.0,2.0,1.0,4.0,4.0,2.0,2.0,1.0,2.0,1.0,6.0,5.0,10.0,9.0,3.0,9.0,9.0,14.0,12.0,10.0,8.0,9.0,5.0,4.0,17.0,114.0,52.0,32.0,12.0,613.0,311.0,42.0,137.0,219.0,108.0,16.0,102.0,35.0,18.0,14.0,39.0,109.0,304.0,17.0,49.0,65.0,127.0,97.0,113.0,917.0,254.0,19.0,6.0,23.0,71.0,18.0,2.0,1.0,0.0,2.0,1.0,1.0,2.0,15.0,2.0,1.0,1.0,14.0,106.0,8.0,10.0,174.0,1.0,152.0,8.0,3.0,1.0,11.0,207.0,1.0,5.0,3.0,6.0,5.0,6.0,1.0,2.0,0.0,5.0,7.0,4.0,3.0,3.0,27.0,12.0,0.0,1.0,2.0,4.0,3.0,4.0,3.0,0.0,5.0,7.0,55.0,2.0,3.0,0.0,0.0,0.0,0.0,0.0,0.0,0.0,0.0,0.0,0.0,0.0,0.0,0.0,1.0,6.0,2.0,5.0,4.0,6.0,0.0,0.0,0.0,0.0,0.0,0.0,0.0,0.0,0.0,0.0,0.0,0.0,0.0,0.0,2.0,2.0,11.0,6.0,10.0,2.0,3.0,6.0,15.0,0.0,0.0,0.0,0.0,0.0,0.0,0.0,0.0,0.0,0.0,0.0,0.0,0.0,0.0,0.0,0.0,0.0,0.0,0.0,0.0,0.0,0.0,0.0,0.0,0.0,0.0,0.0,0.0,0.0,0.0,0.0,0.0,0.0,0.0,0.0,0.0,0.0,0.0,0.0,0.0,0.0,0.0,0.0
55,296,5159,35,male,10.0,7.0,7.0,3.0,8.0,6.0,4.0,3.0,9.0,11.0,9.0,12.0,5.0,2.0,1.0,4.0,1.0,3.0,5.0,7.0,1.0,5.0,6.0,1.0,3.0,1.0,6.0,8.0,3.0,495.0,225.0,386.0,216.0,191.0,265.0,271.0,165.0,950.0,681.0,733.0,578.0,714.0,6833.0,2.0,42.0,64.0,43.0,45.0,124.0,14.0,56.0,94.0,91.0,35.0,10.0,46.0,17.0,1.0,3.0,35.0,182.0,4.0,1.0,3.0,2.0,9.0,6.0,10.0,12.0,9.0,5.0,12.0,143.0,1352.0,474.0,900.0,464.0,234.0,109.0,420.0,2.0,6.0,77.0,457.0,2.0,4.0,110.0,0.0,0.0,6.0,107.0,0.0,0.0,0.0,0.0,0.0,0.0,0.0,0.0,0.0,0.0,0.0,0.0,0.0,0.0,2.0,1.0,0.0,0.0,0.0,5.0,0.0,0.0,0.0,0.0,0.0,0.0,0.0,0.0,0.0,0.0,0.0,0.0,0.0,0.0,0.0,0.0,0.0,0.0,0.0,0.0,0.0,0.0,0.0,0.0,0.0,0.0,0.0,0.0,0.0,0.0,0.0,0.0,0.0,0.0,0.0,0.0,0.0,0.0,0.0,0.0,0.0,0.0,0.0,0.0,0.0,0.0,0.0,0.0,0.0,0.0,0.0,0.0,0.0,0.0,0.0,0.0,0.0,0.0,0.0,0.0,0.0,0.0,0.0,0.0,0.0,0.0,0.0,0.0,0.0,0.0,0.0,0.0,0.0,0.0,0.0,0.0,0.0,0.0,0.0,0.0,0.0,0.0,0.0,0.0,0.0,0.0,0.0
56,206,4853,28,female,3.0,2.0,1.0,6.0,1.0,3.0,5.0,1.0,5.0,2.0,3.0,3.0,2.0,2.0,6.0,2.0,2.0,2.0,3.0,1.0,6.0,10.0,13.0,10.0,5.0,5.0,8.0,9.0,4.0,115.0,3.0,5.0,242.0,0.0,20.0,63.0,2.0,156.0,3.0,6.0,21.0,18.0,46.0,144.0,61.0,8.0,23.0,20.0,0.0,56.0,105.0,57.0,56.0,57.0,42.0,36.0,9.0,0.0,16.0,35.0,39.0,3.0,1.0,0.0,1.0,2.0,1.0,1.0,3.0,1.0,2.0,3.0,17.0,127.0,0.0,1.0,25.0,4.0,4.0,3.0,1.0,1.0,8.0,0.0,1.0,2.0,0.0,2.0,2.0,2.0,12.0,0.0,0.0,0.0,0.0,4.0,1.0,3.0,0.0,0.0,10.0,9.0,0.0,1.0,4.0,1.0,1.0,2.0,19.0,1.0,1.0,1.0,24.0,0.0,0.0,0.0,0.0,0.0,0.0,0.0,0.0,0.0,0.0,0.0,0.0,0.0,0.0,0.0,0.0,0.0,0.0,1.0,0.0,0.0,0.0,0.0,0.0,0.0,0.0,0.0,0.0,0.0,0.0,0.0,0.0,0.0,0.0,0.0,0.0,0.0,4.0,0.0,0.0,0.0,0.0,0.0,0.0,0.0,0.0,2.0,0.0,0.0,0.0,0.0,0.0,0.0,0.0,0.0,0.0,0.0,0.0,0.0,0.0,0.0,0.0,0.0,0.0,0.0,0.0,0.0,0.0,0.0,0.0,0.0,0.0,0.0,0.0,0.0,0.0,0.0,0.0,0.0,0.0,0.0,0.0,0.0,0.0,0.0
57,185,2418,27,male,1.0,1.0,1.0,1.0,1.0,7.0,3.0,6.0,5.0,6.0,3.0,4.0,6.0,1.0,1.0,1.0,2.0,1.0,3.0,2.0,3.0,6.0,6.0,3.0,3.0,7.0,7.0,11.0,10.0,2.0,7.0,31.0,328.0,8.0,277.0,228.0,116.0,178.0,81.0,9.0,33.0,11.0,2.0,3.0,7.0,6.0,26.0,62.0,21.0,46.0,71.0,937.0,63.0,262.0,151.0,71.0,54.0,10.0,26.0,29.0,6.0,1.0,1.0,3.0,3.0,4.0,1.0,4.0,6.0,11.0,2.0,5.0,64.0,45.0,5.0,81.0,144.0,166.0,2.0,121.0,0.0,1.0,0.0,0.0,1.0,0.0,0.0,1.0,3.0,0.0,0.0,0.0,0.0,0.0,0.0,0.0,0.0,0.0,0.0,0.0,0.0,0.0,0.0,0.0,0.0,1.0,0.0,0.0,0.0,0.0,0.0,0.0,0.0,0.0,0.0,0.0,0.0,0.0,0.0,0.0,0.0,0.0,0.0,0.0,0.0,0.0,0.0,0.0,0.0,0.0,0.0,0.0,0.0,0.0,0.0,0.0,0.0,0.0,0.0,0.0,0.0,0.0,0.0,0.0,0.0,0.0,0.0,0.0,0.0,0.0,0.0,0.0,0.0,0.0,0.0,0.0,0.0,0.0,0.0,0.0,0.0,0.0,0.0,0.0,0.0,0.0,0.0,0.0,0.0,0.0,0.0,0.0,0.0,0.0,0.0,0.0,0.0,0.0,0.0,0.0,0.0,0.0,0.0,0.0,0.0,0.0,0.0,0.0,0.0,0.0,0.0,0.0,0.0,0.0,0.0,0.0,0.0,0.0
58,116,1460,20,male,4.0,3.0,7.0,12.0,7.0,6.0,1.0,3.0,1.0,1.0,3.0,2.0,5.0,5.0,8.0,2.0,4.0,1.0,7.0,5.0,8.0,4.0,6.0,10.0,11.0,6.0,4.0,4.0,5.0,266.0,105.0,222.0,326.0,187.0,143.0,2.0,62.0,92.0,3.0,83.0,24.0,127.0,27.0,62.0,33.0,8.0,6.0,47.0,25.0,214.0,220.0,84.0,155.0,63.0,73.0,29.0,61.0,3.0,13.0,62.0,19.0,8.0,0.0,0.0,4.0,6.0,7.0,3.0,1.0,4.0,1.0,4.0,27.0,138.0,57.0,83.0,9.0,321.0,36.0,122.0,4.0,3.0,37.0,56.0,1.0,2.0,33.0,6.0,72.0,1.0,2.0,0.0,0.0,1.0,1.0,4.0,8.0,3.0,241.0,101.0,91.0,244.0,8.0,1.0,6.0,2.0,4.0,21.0,19.0,14.0,9.0,4.0,19.0,0.0,0.0,0.0,0.0,0.0,0.0,0.0,0.0,0.0,0.0,0.0,0.0,0.0,0.0,0.0,0.0,0.0,0.0,5.0,0.0,0.0,0.0,0.0,0.0,0.0,0.0,0.0,0.0,0.0,0.0,0.0,0.0,0.0,0.0,0.0,0.0,0.0,199.0,0.0,0.0,0.0,0.0,0.0,0.0,0.0,0.0,0.0,0.0,0.0,0.0,0.0,0.0,0.0,0.0,0.0,0.0,0.0,0.0,0.0,0.0,0.0,0.0,0.0,0.0,0.0,0.0,0.0,0.0,0.0,0.0,0.0,0.0,0.0,0.0,0.0,0.0,0.0,0.0,0.0,0.0,0.0,0.0,0.0,0.0,0.0
59,139,2018,24,male,1.0,4.0,1.0,1.0,4.0,2.0,1.0,1.0,1.0,1.0,3.0,2.0,1.0,2.0,3.0,5.0,5.0,1.0,2.0,4.0,5.0,1.0,3.0,2.0,1.0,2.0,1.0,1.0,3.0,5.0,21.0,0.0,5.0,47.0,52.0,28.0,8.0,0.0,6.0,1.0,10.0,2.0,32.0,4.0,47.0,51.0,1.0,4.0,20.0,54.0,2.0,53.0,11.0,4.0,1.0,5.0,1.0,2.0,15.0,22.0,13.0,19.0,0.0,0.0,11.0,2.0,3.0,5.0,1.0,3.0,1.0,1.0,122.0,2.0,7.0,47.0,7.0,55.0,3.0,14.0,2.0,1.0,58.0,1.0,1.0,3.0,24.0,2.0,21.0,5.0,86.0,3.0,22.0,2.0,3.0,6.0,1.0,4.0,1.0,4.0,217.0,83.0,12.0,1.0,3.0,7.0,1.0,66.0,76.0,19.0,4.0,5.0,19.0,1.0,1.0,3.0,1.0,3.0,3.0,2.0,3.0,5.0,5.0,4.0,16.0,4.0,6.0,2.0,6.0,5.0,4.0,3.0,7.0,2.0,2.0,0.0,26.0,1.0,1.0,0.0,33.0,52.0,1.0,34.0,10.0,40.0,62.0,18.0,22.0,4.0,96.0,0.0,0.0,0.0,0.0,0.0,0.0,0.0,0.0,0.0,0.0,0.0,0.0,0.0,0.0,0.0,0.0,0.0,0.0,0.0,0.0,0.0,0.0,0.0,0.0,0.0,0.0,0.0,0.0,0.0,0.0,0.0,0.0,0.0,0.0,0.0,0.0,0.0,0.0,0.0,0.0,0.0,0.0,0.0,0.0,0.0,0.0,0.0
60,70,1040,18,male,6.0,1.0,2.0,7.0,2.0,1.0,6.0,1.0,7.0,2.0,12.0,8.0,5.0,3.0,6.0,7.0,9.0,3.0,7.0,5.0,3.0,4.0,2.0,1.0,2.0,5.0,2.0,1.0,1.0,30.0,26.0,9.0,76.0,6.0,14.0,67.0,10.0,189.0,43.0,285.0,98.0,154.0,31.0,105.0,38.0,34.0,85.0,57.0,14.0,16.0,11.0,4.0,0.0,35.0,19.0,0.0,0.0,1.0,29.0,77.0,23.0,1.0,0.0,0.0,1.0,11.0,9.0,1.0,1.0,13.0,4.0,4.0,0.0,91.0,139.0,11.0,1.0,326.0,12.0,14.0,2.0,7.0,65.0,118.0,1.0,1.0,14.0,2.0,17.0,2.0,1.0,0.0,0.0,2.0,3.0,5.0,1.0,4.0,19.0,110.0,83.0,16.0,285.0,2.0,1.0,3.0,3.0,19.0,19.0,244.0,24.0,4.0,71.0,0.0,0.0,0.0,0.0,0.0,0.0,0.0,0.0,0.0,0.0,0.0,0.0,0.0,0.0,0.0,0.0,1.0,1.0,0.0,0.0,0.0,0.0,0.0,0.0,0.0,0.0,0.0,0.0,0.0,0.0,0.0,0.0,0.0,0.0,0.0,3.0,0.0,0.0,0.0,0.0,1.0,9.0,0.0,0.0,0.0,0.0,0.0,0.0,0.0,0.0,0.0,0.0,0.0,0.0,0.0,0.0,0.0,0.0,0.0,0.0,0.0,0.0,0.0,0.0,0.0,0.0,0.0,0.0,0.0,0.0,0.0,0.0,0.0,0.0,0.0,0.0,0.0,0.0,0.0,0.0,0.0,0.0,0.0,0.0,0.0
61,93,2067,22,male,9.0,8.0,2.0,2.0,2.0,1.0,2.0,2.0,5.0,7.0,8.0,10.0,11.0,7.0,6.0,6.0,5.0,8.0,18.0,12.0,6.0,9.0,9.0,7.0,9.0,14.0,6.0,11.0,8.0,363.0,207.0,41.0,50.0,17.0,47.0,16.0,16.0,100.0,97.0,502.0,203.0,180.0,80.0,58.0,22.0,59.0,23.0,186.0,182.0,22.0,33.0,156.0,21.0,52.0,197.0,3.0,10.0,2.0,33.0,84.0,73.0,1.0,0.0,0.0,11.0,10.0,1.0,2.0,9.0,7.0,2.0,13.0,386.0,169.0,0.0,0.0,369.0,353.0,1.0,654.0,13.0,5.0,395.0,169.0,1.0,11.0,306.0,3.0,267.0,8.0,300.0,0.0,0.0,0.0,0.0,0.0,2.0,0.0,0.0,0.0,0.0,0.0,0.0,1.0,1.0,6.0,6.0,67.0,8.0,155.0,169.0,2.0,22.0,0.0,0.0,0.0,0.0,0.0,0.0,0.0,0.0,0.0,0.0,0.0,0.0,0.0,0.0,0.0,0.0,0.0,0.0,0.0,0.0,0.0,0.0,0.0,0.0,0.0,0.0,0.0,0.0,0.0,0.0,0.0,0.0,0.0,0.0,0.0,0.0,0.0,0.0,0.0,0.0,0.0,0.0,0.0,0.0,0.0,0.0,0.0,0.0,0.0,0.0,0.0,0.0,0.0,0.0,0.0,0.0,0.0,0.0,0.0,0.0,0.0,0.0,0.0,0.0,0.0,0.0,0.0,0.0,0.0,0.0,0.0,0.0,0.0,0.0,0.0,0.0,0.0,0.0,0.0,0.0,0.0,0.0,0.0,0.0,0.0
62,80,1033,12,female,1.0,1.0,3.0,1.0,1.0,2.0,4.0,1.0,1.0,3.0,2.0,6.0,6.0,3.0,5.0,6.0,4.0,10.0,6.0,4.0,5.0,1.0,4.0,3.0,2.0,4.0,4.0,4.0,4.0,0.0,164.0,30.0,0.0,0.0,13.0,34.0,2.0,3.0,31.0,110.0,202.0,354.0,83.0,144.0,332.0,166.0,205.0,59.0,117.0,132.0,51.0,183.0,166.0,23.0,118.0,26.0,18.0,2.0,3.0,33.0,42.0,1.0,0.0,0.0,11.0,6.0,16.0,13.0,16.0,16.0,1.0,2.0,2619.0,193.0,452.0,348.0,1432.0,1046.0,9.0,8.0,7.0,12.0,216.0,327.0,2.0,9.0,794.0,0.0,0.0,1.0,10.0,0.0,0.0,0.0,0.0,0.0,0.0,0.0,0.0,0.0,0.0,0.0,0.0,1.0,2.0,1.0,2.0,69.0,10.0,16.0,57.0,1.0,33.0,0.0,0.0,0.0,0.0,0.0,0.0,0.0,0.0,0.0,0.0,0.0,0.0,0.0,0.0,0.0,0.0,0.0,0.0,0.0,0.0,0.0,0.0,0.0,0.0,0.0,0.0,0.0,0.0,0.0,0.0,0.0,0.0,0.0,0.0,0.0,0.0,0.0,0.0,0.0,0.0,0.0,0.0,0.0,0.0,0.0,0.0,0.0,0.0,0.0,0.0,0.0,0.0,0.0,0.0,0.0,0.0,0.0,0.0,0.0,0.0,0.0,0.0,0.0,0.0,0.0,0.0,0.0,0.0,0.0,0.0,0.0,0.0,0.0,0.0,0.0,0.0,0.0,0.0,0.0,0.0,0.0,0.0,0.0,0.0,0.0
63,63,696,13,male,2.0,4.0,2.0,1.0,1.0,2.0,2.0,9.0,4.0,10.0,10.0,15.0,12.0,26.0,22.0,17.0,13.0,13.0,9.0,7.0,21.0,9.0,5.0,6.0,6.0,6.0,3.0,2.0,1.0,10.0,26.0,5.0,14.0,1.0,2.0,38.0,55.0,18.0,69.0,59.0,245.0,106.0,387.0,166.0,102.0,153.0,65.0,37.0,103.0,95.0,58.0,12.0,36.0,16.0,11.0,25.0,3.0,1.0,39.0,94.0,84.0,12.0,1.0,0.0,11.0,3.0,2.0,3.0,1.0,1.0,3.0,2.0,126.0,23.0,3.0,204.0,72.0,0.0,187.0,5.0,5.0,13.0,58.0,137.0,1.0,1.0,1.0,1.0,0.0,1.0,38.0,0.0,0.0,0.0,0.0,0.0,0.0,0.0,0.0,0.0,0.0,0.0,0.0,0.0,0.0,0.0,2.0,0.0,0.0,0.0,5.0,0.0,0.0,0.0,0.0,0.0,0.0,0.0,0.0,0.0,0.0,0.0,0.0,0.0,0.0,0.0,0.0,0.0,0.0,0.0,0.0,0.0,0.0,0.0,0.0,0.0,0.0,0.0,0.0,0.0,0.0,0.0,0.0,0.0,0.0,0.0,0.0,0.0,0.0,0.0,0.0,0.0,0.0,0.0,0.0,0.0,0.0,0.0,0.0,0.0,0.0,0.0,0.0,0.0,0.0,0.0,0.0,0.0,0.0,0.0,0.0,0.0,0.0,0.0,0.0,0.0,0.0,0.0,0.0,0.0,0.0,0.0,0.0,0.0,0.0,0.0,0.0,0.0,0.0,0.0,0.0,0.0,0.0,0.0,0.0,0.0,0.0,0.0
64,104,794,13,male,1.0,2.0,1.0,3.0,2.0,3.0,1.0,1.0,3.0,8.0,6.0,5.0,6.0,1.0,3.0,1.0,1.0,2.0,2.0,3.0,4.0,3.0,5.0,6.0,5.0,7.0,7.0,11.0,9.0,60.0,56.0,5.0,13.0,107.0,46.0,113.0,29.0,51.0,155.0,52.0,101.0,45.0,2.0,9.0,8.0,11.0,13.0,18.0,43.0,87.0,26.0,104.0,92.0,63.0,164.0,65.0,76.0,10.0,12.0,10.0,39.0,4.0,0.0,0.0,0.0,0.0,0.0,6.0,1.0,1.0,3.0,1.0,0.0,0.0,0.0,66.0,88.0,5.0,17.0,53.0,0.0,0.0,0.0,0.0,1.0,0.0,0.0,0.0,0.0,0.0,0.0,0.0,0.0,0.0,0.0,0.0,0.0,0.0,0.0,0.0,0.0,0.0,0.0,0.0,0.0,0.0,0.0,0.0,0.0,0.0,0.0,0.0,0.0,0.0,0.0,0.0,0.0,0.0,0.0,0.0,0.0,0.0,0.0,0.0,0.0,0.0,0.0,0.0,0.0,0.0,0.0,0.0,0.0,0.0,0.0,0.0,0.0,0.0,0.0,0.0,0.0,0.0,0.0,0.0,0.0,0.0,0.0,0.0,0.0,0.0,0.0,0.0,0.0,0.0,0.0,0.0,0.0,0.0,0.0,0.0,0.0,0.0,0.0,0.0,0.0,0.0,0.0,0.0,0.0,0.0,0.0,0.0,0.0,0.0,0.0,0.0,0.0,0.0,0.0,0.0,0.0,0.0,0.0,0.0,0.0,0.0,0.0,0.0,0.0,0.0,0.0,0.0,0.0,0.0,0.0,0.0,0.0,0.0
65,102,587,14,female,4.0,3.0,7.0,12.0,7.0,6.0,1.0,3.0,1.0,1.0,3.0,2.0,5.0,5.0,8.0,2.0,4.0,1.0,7.0,5.0,8.0,4.0,6.0,10.0,11.0,6.0,4.0,4.0,5.0,266.0,105.0,222.0,326.0,187.0,143.0,2.0,62.0,92.0,3.0,83.0,24.0,127.0,27.0,62.0,33.0,8.0,6.0,47.0,25.0,214.0,220.0,84.0,155.0,63.0,73.0,29.0,61.0,3.0,13.0,62.0,19.0,8.0,0.0,0.0,4.0,6.0,7.0,3.0,1.0,4.0,1.0,4.0,27.0,138.0,57.0,83.0,9.0,321.0,36.0,122.0,4.0,3.0,37.0,56.0,1.0,2.0,33.0,6.0,72.0,1.0,2.0,0.0,0.0,1.0,1.0,4.0,8.0,3.0,241.0,101.0,91.0,244.0,8.0,1.0,6.0,2.0,4.0,21.0,19.0,14.0,9.0,4.0,19.0,0.0,0.0,0.0,0.0,0.0,0.0,0.0,0.0,0.0,0.0,0.0,0.0,0.0,0.0,0.0,0.0,0.0,0.0,5.0,0.0,0.0,0.0,0.0,0.0,0.0,0.0,0.0,0.0,0.0,0.0,0.0,0.0,0.0,0.0,0.0,0.0,0.0,199.0,0.0,0.0,0.0,0.0,0.0,0.0,0.0,0.0,0.0,0.0,0.0,0.0,0.0,0.0,0.0,0.0,0.0,0.0,0.0,0.0,0.0,0.0,0.0,0.0,0.0,0.0,0.0,0.0,0.0,0.0,0.0,0.0,0.0,0.0,0.0,0.0,0.0,0.0,0.0,0.0,0.0,0.0,0.0,0.0,0.0,0.0,0.0
66,33,620,9,male,1.0,2.0,1.0,8.0,5.0,2.0,3.0,7.0,7.0,5.0,1.0,5.0,2.0,1.0,2.0,2.0,1.0,4.0,1.0,5.0,4.0,4.0,1.0,4.0,3.0,5.0,3.0,4.0,1.0,12.0,3.0,55.0,151.0,97.0,66.0,43.0,51.0,38.0,60.0,2.0,82.0,2.0,0.0,21.0,11.0,1.0,54.0,3.0,10.0,19.0,13.0,3.0,20.0,8.0,7.0,3.0,4.0,0.0,4.0,31.0,4.0,4.0,0.0,0.0,0.0,0.0,0.0,1.0,4.0,0.0,1.0,2.0,0.0,0.0,0.0,6.0,6.0,0.0,1.0,245.0,0.0,0.0,0.0,0.0,1.0,0.0,0.0,0.0,0.0,0.0,0.0,0.0,0.0,0.0,0.0,0.0,0.0,0.0,0.0,0.0,0.0,0.0,0.0,0.0,0.0,0.0,0.0,0.0,0.0,0.0,0.0,0.0,0.0,0.0,0.0,0.0,0.0,0.0,0.0,0.0,0.0,0.0,0.0,0.0,0.0,0.0,0.0,0.0,0.0,0.0,0.0,0.0,0.0,0.0,0.0,0.0,0.0,0.0,0.0,0.0,0.0,0.0,0.0,0.0,0.0,0.0,0.0,0.0,0.0,0.0,0.0,0.0,0.0,0.0,0.0,0.0,0.0,0.0,0.0,0.0,0.0,0.0,0.0,0.0,0.0,0.0,0.0,0.0,0.0,0.0,0.0,0.0,0.0,0.0,0.0,0.0,0.0,0.0,0.0,0.0,0.0,0.0,0.0,0.0,0.0,0.0,0.0,0.0,0.0,0.0,0.0,0.0,0.0,0.0,0.0,0.0,0.0,0.0
67,303,11397,59,female,3.0,2.0,1.0,6.0,1.0,3.0,5.0,1.0,5.0,2.0,3.0,3.0,2.0,2.0,6.0,2.0,2.0,2.0,3.0,1.0,6.0,10.0,13.0,10.0,5.0,5.0,8.0,9.0,4.0,115.0,3.0,5.0,242.0,0.0,20.0,63.0,2.0,156.0,3.0,6.0,21.0,18.0,46.0,144.0,61.0,8.0,23.0,20.0,0.0,56.0,105.0,57.0,56.0,57.0,42.0,36.0,9.0,0.0,16.0,35.0,39.0,3.0,1.0,0.0,1.0,2.0,1.0,1.0,3.0,1.0,2.0,3.0,17.0,127.0,0.0,1.0,25.0,4.0,4.0,3.0,1.0,1.0,8.0,0.0,1.0,2.0,0.0,2.0,2.0,2.0,12.0,0.0,0.0,0.0,0.0,4.0,1.0,3.0,0.0,0.0,10.0,9.0,0.0,1.0,4.0,1.0,1.0,2.0,19.0,1.0,1.0,1.0,24.0,0.0,0.0,0.0,0.0,0.0,0.0,0.0,0.0,0.0,0.0,0.0,0.0,0.0,0.0,0.0,0.0,0.0,0.0,1.0,0.0,0.0,0.0,0.0,0.0,0.0,0.0,0.0,0.0,0.0,0.0,0.0,0.0,0.0,0.0,0.0,0.0,0.0,4.0,0.0,0.0,0.0,0.0,0.0,0.0,0.0,0.0,2.0,0.0,0.0,0.0,0.0,0.0,0.0,0.0,0.0,0.0,0.0,0.0,0.0,0.0,0.0,0.0,0.0,0.0,0.0,0.0,0.0,0.0,0.0,0.0,0.0,0.0,0.0,0.0,0.0,0.0,0.0,0.0,0.0,0.0,0.0,0.0,0.0,0.0,0.0
68,106,2755,26,female,6.0,1.0,2.0,7.0,2.0,1.0,6.0,1.0,7.0,2.0,12.0,8.0,5.0,3.0,6.0,7.0,9.0,3.0,7.0,5.0,3.0,4.0,2.0,1.0,2.0,5.0,2.0,1.0,1.0,30.0,26.0,9.0,76.0,6.0,14.0,67.0,10.0,189.0,43.0,285.0,98.0,154.0,31.0,105.0,38.0,34.0,85.0,57.0,14.0,16.0,11.0,4.0,0.0,35.0,19.0,0.0,0.0,1.0,29.0,77.0,23.0,1.0,0.0,0.0,1.0,11.0,9.0,1.0,1.0,13.0,4.0,4.0,0.0,91.0,139.0,11.0,1.0,326.0,12.0,14.0,2.0,7.0,65.0,118.0,1.0,1.0,14.0,2.0,17.0,2.0,1.0,0.0,0.0,2.0,3.0,5.0,1.0,4.0,19.0,110.0,83.0,16.0,285.0,2.0,1.0,3.0,3.0,19.0,19.0,244.0,24.0,4.0,71.0,0.0,0.0,0.0,0.0,0.0,0.0,0.0,0.0,0.0,0.0,0.0,0.0,0.0,0.0,0.0,0.0,1.0,1.0,0.0,0.0,0.0,0.0,0.0,0.0,0.0,0.0,0.0,0.0,0.0,0.0,0.0,0.0,0.0,0.0,0.0,3.0,0.0,0.0,0.0,0.0,1.0,9.0,0.0,0.0,0.0,0.0,0.0,0.0,0.0,0.0,0.0,0.0,0.0,0.0,0.0,0.0,0.0,0.0,0.0,0.0,0.0,0.0,0.0,0.0,0.0,0.0,0.0,0.0,0.0,0.0,0.0,0.0,0.0,0.0,0.0,0.0,0.0,0.0,0.0,0.0,0.0,0.0,0.0,0.0,0.0
69,249,4050,37,male,1.0,1.0,1.0,3.0,3.0,3.0,3.0,7.0,2.0,3.0,4.0,1.0,3.0,4.0,2.0,1.0,5.0,2.0,3.0,9.0,7.0,25.0,10.0,14.0,23.0,14.0,7.0,7.0,3.0,0.0,101.0,49.0,297.0,222.0,133.0,125.0,196.0,68.0,98.0,657.0,0.0,255.0,16.0,2.0,26.0,400.0,9.0,14.0,59.0,46.0,273.0,43.0,117.0,74.0,46.0,5.0,26.0,0.0,13.0,65.0,47.0,5.0,3.0,0.0,1.0,1.0,1.0,4.0,3.0,6.0,6.0,3.0,37.0,23.0,71.0,138.0,107.0,248.0,212.0,24.0,4.0,8.0,73.0,365.0,1.0,2.0,37.0,1.0,51.0,1.0,24.0,0.0,0.0,1.0,0.0,3.0,1.0,2.0,6.0,0.0,73.0,41.0,13.0,4.0,4.0,2.0,1.0,86.0,239.0,29.0,6.0,1.0,28.0,0.0,0.0,0.0,0.0,0.0,0.0,0.0,0.0,0.0,0.0,0.0,0.0,0.0,0.0,1.0,3.0,4.0,0.0,1.0,0.0,0.0,0.0,0.0,0.0,0.0,0.0,0.0,0.0,0.0,0.0,0.0,0.0,0.0,9.0,5.0,30.0,0.0,8.0,1.0,0.0,3.0,15.0,0.0,0.0,0.0,0.0,0.0,0.0,0.0,0.0,0.0,0.0,0.0,0.0,0.0,0.0,0.0,0.0,0.0,0.0,0.0,0.0,0.0,0.0,0.0,0.0,0.0,0.0,0.0,0.0,0.0,0.0,0.0,0.0,0.0,0.0,0.0,0.0,0.0,0.0,0.0,0.0,0.0,0.0,0.0
70,27,435,12,male,4.0,3.0,1.0,4.0,2.0,2.0,1.0,1.0,1.0,2.0,2.0,1.0,3.0,2.0,3.0,3.0,4.0,3.0,4.0,2.0,9.0,4.0,8.0,11.0,9.0,3.0,3.0,5.0,4.0,377.0,161.0,43.0,660.0,69.0,219.0,15.0,0.0,121.0,14.0,169.0,33.0,363.0,24.0,91.0,187.0,118.0,145.0,240.0,65.0,365.0,121.0,233.0,257.0,193.0,8.0,18.0,21.0,2.0,5.0,2.0,76.0,3.0,0.0,0.0,1.0,3.0,2.0,1.0,1.0,1.0,1.0,2.0,7.0,2.0,2.0,5.0,4.0,4.0,3.0,212.0,5.0,4.0,43.0,95.0,1.0,1.0,2.0,1.0,3.0,4.0,12.0,0.0,0.0,1.0,0.0,2.0,3.0,1.0,12.0,0.0,17.0,24.0,33.0,1.0,2.0,3.0,1.0,6.0,1.0,4.0,12.0,3.0,35.0,0.0,0.0,0.0,0.0,0.0,0.0,0.0,0.0,2.0,3.0,1.0,0.0,2.0,1.0,2.0,0.0,1.0,1.0,3.0,0.0,0.0,0.0,0.0,0.0,0.0,0.0,0.0,10.0,11.0,3.0,0.0,6.0,36.0,0.0,0.0,4.0,6.0,12.0,2.0,7.0,0.0,0.0,0.0,0.0,0.0,0.0,0.0,0.0,0.0,0.0,0.0,0.0,0.0,0.0,0.0,0.0,0.0,0.0,0.0,0.0,0.0,0.0,0.0,0.0,0.0,0.0,0.0,0.0,0.0,0.0,0.0,0.0,0.0,0.0,0.0,0.0,0.0,0.0,0.0,0.0,0.0,0.0,0.0,0.0,0.0
71,147,2533,24,male,4.0,2.0,5.0,2.0,7.0,11.0,4.0,17.0,3.0,13.0,13.0,16.0,13.0,1.0,5.0,10.0,5.0,5.0,6.0,3.0,1.0,4.0,3.0,2.0,1.0,1.0,2.0,1.0,44.0,198.0,60.0,1.0,39.0,298.0,571.0,207.0,1116.0,48.0,1128.0,618.0,1115.0,941.0,98.0,134.0,292.0,301.0,21.0,1136.0,137.0,7.0,45.0,48.0,13.0,6.0,6.0,5.0,0.0,44.0,7.0,31.0,12.0,16.0,3.0,0.0,8.0,9.0,3.0,4.0,8.0,3.0,7.0,1.0,88.0,56.0,10.0,84.0,126.0,258.0,26.0,1.0,7.0,6.0,128.0,46.0,1.0,4.0,14.0,3.0,63.0,6.0,12.0,0.0,0.0,0.0,0.0,0.0,0.0,0.0,0.0,0.0,0.0,0.0,0.0,1.0,2.0,1.0,6.0,27.0,1.0,1.0,57.0,2.0,25.0,0.0,0.0,0.0,0.0,0.0,0.0,0.0,0.0,0.0,0.0,0.0,0.0,0.0,0.0,0.0,0.0,0.0,0.0,0.0,0.0,0.0,0.0,0.0,0.0,0.0,0.0,0.0,0.0,0.0,0.0,0.0,0.0,0.0,0.0,0.0,0.0,0.0,0.0,0.0,0.0,0.0,0.0,0.0,0.0,0.0,0.0,0.0,0.0,0.0,0.0,0.0,0.0,0.0,0.0,0.0,0.0,0.0,0.0,0.0,0.0,0.0,0.0,0.0,0.0,0.0,0.0,0.0,0.0,0.0,0.0,0.0,0.0,0.0,0.0,0.0,0.0,0.0,0.0,0.0,0.0,0.0,0.0,0.0,0.0,0.0
72,100,1729,23,male,2.0,1.0,3.0,1.0,1.0,1.0,1.0,6.0,4.0,6.0,3.0,2.0,1.0,4.0,2.0,2.0,4.0,5.0,14.0,14.0,14.0,7.0,12.0,21.0,16.0,11.0,11.0,7.0,11.0,98.0,10.0,58.0,6.0,3.0,5.0,4.0,443.0,102.0,215.0,31.0,22.0,0.0,30.0,33.0,48.0,62.0,126.0,293.0,298.0,338.0,193.0,211.0,288.0,123.0,46.0,11.0,3.0,0.0,17.0,90.0,44.0,3.0,1.0,0.0,2.0,4.0,2.0,1.0,3.0,3.0,1.0,3.0,41.0,185.0,5.0,7.0,249.0,0.0,2.0,67.0,2.0,1.0,7.0,6.0,1.0,1.0,52.0,8.0,201.0,5.0,191.0,0.0,0.0,1.0,1.0,3.0,6.0,2.0,4.0,0.0,4.0,59.0,10.0,2.0,1.0,5.0,4.0,31.0,15.0,77.0,16.0,1.0,61.0,0.0,0.0,0.0,0.0,0.0,0.0,0.0,0.0,0.0,0.0,0.0,0.0,0.0,0.0,0.0,0.0,0.0,0.0,2.0,0.0,0.0,0.0,0.0,0.0,0.0,0.0,0.0,0.0,0.0,0.0,0.0,0.0,0.0,0.0,0.0,0.0,0.0,1.0,0.0,0.0,0.0,0.0,0.0,0.0,0.0,0.0,0.0,0.0,0.0,0.0,0.0,0.0,0.0,0.0,0.0,0.0,0.0,0.0,0.0,0.0,0.0,0.0,0.0,0.0,0.0,0.0,0.0,0.0,0.0,0.0,0.0,0.0,0.0,0.0,0.0,0.0,0.0,0.0,0.0,0.0,0.0,0.0,0.0,0.0,0.0
73,198,2081,24,male,1.0,2.0,3.0,1.0,3.0,3.0,5.0,2.0,3.0,6.0,6.0,2.0,4.0,3.0,2.0,6.0,6.0,6.0,1.0,4.0,1.0,2.0,2.0,3.0,3.0,3.0,1.0,2.0,1.0,39.0,35.0,158.0,14.0,11.0,249.0,411.0,79.0,99.0,124.0,177.0,13.0,48.0,112.0,26.0,160.0,76.0,75.0,19.0,68.0,33.0,144.0,773.0,1183.0,170.0,16.0,9.0,3.0,0.0,18.0,12.0,3.0,4.0,1.0,0.0,1.0,1.0,3.0,1.0,1.0,1.0,1.0,1.0,8.0,18.0,102.0,7.0,0.0,1.0,17.0,18.0,1.0,1.0,23.0,0.0,2.0,7.0,226.0,3.0,57.0,1.0,28.0,0.0,0.0,5.0,6.0,1.0,7.0,3.0,164.0,82.0,17.0,403.0,275.0,1.0,3.0,1.0,3.0,0.0,169.0,24.0,362.0,2.0,14.0,0.0,0.0,0.0,0.0,0.0,0.0,0.0,0.0,0.0,0.0,0.0,0.0,0.0,0.0,1.0,2.0,4.0,5.0,5.0,0.0,0.0,0.0,0.0,0.0,0.0,0.0,0.0,0.0,0.0,0.0,0.0,0.0,0.0,12.0,26.0,364.0,179.0,471.0,0.0,0.0,2.0,77.0,0.0,0.0,0.0,0.0,0.0,0.0,0.0,0.0,0.0,0.0,0.0,0.0,0.0,0.0,0.0,0.0,0.0,0.0,0.0,0.0,0.0,0.0,0.0,0.0,0.0,0.0,0.0,0.0,0.0,0.0,0.0,0.0,0.0,0.0,0.0,0.0,0.0,0.0,0.0,0.0,0.0,0.0,0.0
74,99,1652,22,female,2.0,2.0,1.0,1.0,1.0,7.0,1.0,4.0,6.0,1.0,18.0,1.0,3.0,31.0,2.0,3.0,1.0,2.0,2.0,4.0,2.0,2.0,7.0,2.0,2.0,2.0,5.0,4.0,5.0,250.0,30.0,0.0,7.0,51.0,701.0,1.0,7.0,171.0,43.0,99.0,9.0,5.0,245.0,43.0,32.0,6.0,60.0,4.0,18.0,4.0,14.0,22.0,9.0,4.0,43.0,283.0,18.0,3.0,2.0,28.0,12.0,2.0,0.0,0.0,1.0,8.0,1.0,13.0,3.0,1.0,1.0,3.0,7.0,64.0,4.0,397.0,25.0,46.0,33.0,216.0,2.0,10.0,10.0,358.0,2.0,1.0,1.0,10.0,0.0,4.0,91.0,0.0,0.0,2.0,0.0,1.0,1.0,3.0,39.0,0.0,20.0,5.0,21.0,6.0,0.0,2.0,2.0,27.0,0.0,36.0,6.0,5.0,110.0,0.0,0.0,0.0,0.0,0.0,0.0,0.0,0.0,0.0,0.0,0.0,0.0,0.0,0.0,0.0,1.0,1.0,4.0,1.0,0.0,0.0,0.0,0.0,0.0,0.0,0.0,0.0,0.0,0.0,0.0,0.0,0.0,0.0,0.0,17.0,8.0,45.0,0.0,0.0,0.0,3.0,5.0,0.0,0.0,0.0,0.0,0.0,0.0,0.0,0.0,0.0,0.0,0.0,0.0,0.0,0.0,0.0,0.0,0.0,0.0,0.0,0.0,0.0,0.0,0.0,0.0,0.0,0.0,0.0,0.0,0.0,0.0,0.0,0.0,0.0,0.0,0.0,0.0,0.0,0.0,0.0,0.0,0.0,0.0,0.0
75,120,1832,20,female,1.0,3.0,17.0,1.0,3.0,1.0,1.0,2.0,1.0,2.0,4.0,2.0,1.0,5.0,5.0,1.0,6.0,3.0,8.0,9.0,6.0,12.0,6.0,4.0,6.0,3.0,3.0,3.0,3.0,8.0,32.0,945.0,1.0,45.0,0.0,2.0,5.0,0.0,21.0,135.0,205.0,31.0,397.0,63.0,6.0,47.0,24.0,94.0,149.0,90.0,296.0,57.0,92.0,36.0,12.0,19.0,2.0,0.0,4.0,63.0,23.0,1.0,0.0,0.0,2.0,1.0,4.0,2.0,2.0,1.0,1.0,2.0,1.0,44.0,176.0,91.0,157.0,4.0,28.0,72.0,1.0,1.0,14.0,12.0,2.0,2.0,126.0,5.0,55.0,7.0,168.0,0.0,0.0,0.0,0.0,0.0,0.0,0.0,0.0,0.0,0.0,0.0,0.0,1.0,6.0,9.0,1.0,26.0,94.0,124.0,0.0,0.0,0.0,0.0,0.0,0.0,0.0,0.0,0.0,0.0,0.0,0.0,0.0,0.0,0.0,0.0,0.0,0.0,0.0,0.0,0.0,0.0,0.0,0.0,0.0,0.0,0.0,0.0,0.0,0.0,0.0,0.0,0.0,0.0,0.0,0.0,0.0,0.0,0.0,0.0,0.0,0.0,0.0,0.0,0.0,0.0,0.0,0.0,0.0,0.0,0.0,0.0,0.0,0.0,0.0,0.0,0.0,0.0,0.0,0.0,0.0,0.0,0.0,0.0,0.0,0.0,0.0,0.0,0.0,0.0,0.0,0.0,0.0,0.0,0.0,0.0,0.0,0.0,0.0,0.0,0.0,0.0,0.0,0.0,0.0,0.0,0.0,0.0
76,103,1463,20,male,5.0,1.0,3.0,4.0,3.0,1.0,2.0,3.0,4.0,2.0,1.0,3.0,3.0,1.0,1.0,8.0,3.0,4.0,11.0,5.0,5.0,8.0,9.0,11.0,5.0,3.0,6.0,8.0,2.0,261.0,21.0,125.0,108.0,60.0,71.0,46.0,120.0,777.0,120.0,2.0,187.0,12.0,18.0,1.0,13.0,0.0,138.0,517.0,147.0,131.0,132.0,74.0,580.0,92.0,19.0,50.0,19.0,2.0,13.0,66.0,11.0,3.0,0.0,0.0,5.0,6.0,6.0,2.0,2.0,5.0,9.0,6.0,72.0,187.0,391.0,77.0,80.0,169.0,198.0,202.0,3.0,1.0,224.0,32.0,1.0,2.0,44.0,3.0,105.0,1.0,62.0,0.0,0.0,2.0,2.0,4.0,2.0,4.0,193.0,120.0,32.0,19.0,146.0,6.0,4.0,9.0,4.0,203.0,123.0,690.0,72.0,2.0,103.0,0.0,0.0,0.0,0.0,0.0,0.0,0.0,0.0,0.0,0.0,0.0,0.0,0.0,1.0,1.0,3.0,3.0,1.0,3.0,0.0,0.0,0.0,0.0,0.0,0.0,0.0,0.0,0.0,0.0,0.0,0.0,0.0,7.0,15.0,42.0,99.0,6.0,274.0,1.0,49.0,2.0,67.0,0.0,0.0,0.0,0.0,0.0,0.0,0.0,0.0,0.0,0.0,0.0,0.0,0.0,0.0,0.0,0.0,0.0,0.0,0.0,0.0,0.0,0.0,0.0,0.0,0.0,0.0,0.0,0.0,0.0,0.0,0.0,0.0,0.0,0.0,0.0,0.0,0.0,0.0,0.0,0.0,0.0,0.0,0.0
77,100,1089,18,male,3.0,1.0,3.0,1.0,3.0,4.0,2.0,6.0,3.0,6.0,12.0,1.0,5.0,1.0,1.0,6.0,3.0,5.0,2.0,7.0,3.0,6.0,7.0,5.0,8.0,9.0,4.0,7.0,1.0,17.0,0.0,34.0,24.0,382.0,522.0,60.0,157.0,47.0,260.0,387.0,4.0,78.0,6.0,6.0,143.0,43.0,256.0,18.0,456.0,149.0,131.0,442.0,80.0,109.0,47.0,4.0,9.0,0.0,6.0,35.0,32.0,1.0,0.0,0.0,1.0,2.0,1.0,2.0,1.0,8.0,3.0,3.0,4.0,24.0,4.0,38.0,76.0,435.0,375.0,149.0,1.0,2.0,0.0,388.0,1.0,3.0,151.0,1.0,0.0,5.0,79.0,0.0,0.0,1.0,1.0,1.0,1.0,0.0,17.0,3.0,114.0,19.0,0.0,1.0,2.0,3.0,2.0,10.0,14.0,103.0,36.0,2.0,602.0,0.0,0.0,1.0,3.0,5.0,12.0,14.0,3.0,9.0,3.0,9.0,1.0,3.0,2.0,1.0,1.0,2.0,0.0,0.0,0.0,0.0,3.0,10.0,80.0,117.0,77.0,22.0,112.0,17.0,35.0,3.0,18.0,5.0,5.0,25.0,7.0,0.0,0.0,2.0,18.0,0.0,0.0,0.0,0.0,0.0,0.0,0.0,0.0,0.0,0.0,0.0,0.0,0.0,0.0,0.0,0.0,0.0,0.0,0.0,0.0,0.0,0.0,0.0,0.0,0.0,0.0,0.0,0.0,0.0,0.0,0.0,0.0,0.0,0.0,0.0,0.0,0.0,0.0,0.0,0.0,0.0,0.0,0.0,0.0,0.0
78,45,423,11,male,1.0,1.0,1.0,1.0,1.0,1.0,1.0,1.0,1.0,1.0,9.0,3.0,4.0,2.0,5.0,6.0,5.0,4.0,6.0,4.0,4.0,2.0,3.0,3.0,1.0,1.0,3.0,1.0,2.0,2.0,2.0,14.0,2.0,16.0,15.0,5.0,7.0,4.0,11.0,247.0,267.0,65.0,26.0,26.0,49.0,46.0,43.0,93.0,28.0,19.0,6.0,9.0,15.0,11.0,1.0,12.0,0.0,0.0,35.0,18.0,12.0,1.0,0.0,0.0,1.0,2.0,4.0,1.0,2.0,3.0,2.0,1.0,100.0,198.0,138.0,0.0,66.0,7.0,73.0,2.0,1.0,2.0,3.0,17.0,1.0,1.0,73.0,0.0,0.0,1.0,38.0,0.0,0.0,0.0,0.0,4.0,0.0,0.0,0.0,0.0,48.0,0.0,0.0,1.0,1.0,2.0,1.0,9.0,3.0,37.0,34.0,2.0,19.0,0.0,0.0,0.0,0.0,0.0,0.0,0.0,0.0,0.0,0.0,0.0,0.0,0.0,0.0,0.0,1.0,2.0,2.0,2.0,0.0,0.0,0.0,0.0,0.0,0.0,0.0,0.0,0.0,0.0,0.0,0.0,0.0,0.0,0.0,5.0,40.0,83.0,34.0,1.0,27.0,3.0,59.0,0.0,0.0,0.0,0.0,0.0,0.0,0.0,0.0,0.0,0.0,0.0,0.0,0.0,0.0,0.0,0.0,0.0,0.0,0.0,0.0,0.0,0.0,0.0,0.0,0.0,0.0,0.0,0.0,0.0,0.0,0.0,0.0,0.0,0.0,0.0,0.0,0.0,0.0,0.0,0.0,0.0,0.0,0.0
79,54,301,10,male,1.0,1.0,2.0,3.0,5.0,3.0,4.0,5.0,5.0,2.0,2.0,1.0,3.0,2.0,3.0,2.0,2.0,2.0,1.0,1.0,1.0,2.0,3.0,7.0,4.0,6.0,8.0,11.0,8.0,22.0,17.0,59.0,47.0,81.0,1246.0,197.0,281.0,43.0,11.0,2.0,2.0,28.0,45.0,378.0,21.0,4.0,20.0,14.0,14.0,17.0,34.0,21.0,82.0,6.0,25.0,41.0,24.0,3.0,13.0,30.0,10.0,1.0,0.0,0.0,0.0,0.0,0.0,0.0,0.0,0.0,0.0,0.0,0.0,0.0,0.0,0.0,0.0,0.0,0.0,0.0,0.0,0.0,0.0,0.0,1.0,0.0,0.0,0.0,0.0,0.0,0.0,0.0,0.0,0.0,0.0,0.0,0.0,0.0,0.0,0.0,0.0,0.0,0.0,0.0,0.0,0.0,0.0,0.0,0.0,0.0,0.0,0.0,0.0,0.0,0.0,0.0,0.0,0.0,0.0,0.0,0.0,0.0,0.0,0.0,0.0,0.0,0.0,0.0,0.0,0.0,0.0,0.0,0.0,0.0,0.0,0.0,0.0,0.0,0.0,0.0,0.0,0.0,0.0,0.0,0.0,0.0,0.0,0.0,0.0,0.0,0.0,0.0,0.0,0.0,0.0,0.0,0.0,0.0,0.0,0.0,0.0,0.0,0.0,0.0,0.0,0.0,0.0,0.0,0.0,0.0,0.0,0.0,0.0,0.0,0.0,0.0,0.0,0.0,0.0,0.0,0.0,0.0,0.0,0.0,0.0,0.0,0.0,0.0,0.0,0.0,0.0,0.0,0.0,0.0,0.0,0.0,0.0,0.0
80,75,759,15,male,4.0,4.0,1.0,2.0,1.0,2.0,7.0,1.0,3.0,1.0,1.0,5.0,1.0,3.0,3.0,8.0,2.0,1.0,1.0,2.0,2.0,2.0,3.0,1.0,3.0,4.0,5.0,4.0,4.0,39.0,61.0,6.0,40.0,0.0,199.0,295.0,15.0,20.0,22.0,19.0,219.0,18.0,22.0,41.0,384.0,7.0,1.0,0.0,270.0,619.0,281.0,365.0,59.0,151.0,86.0,2369.0,439.0,15.0,2.0,10.0,36.0,2.0,0.0,0.0,2.0,2.0,1.0,1.0,4.0,6.0,2.0,6.0,4.0,15.0,32.0,12.0,99.0,87.0,30.0,49.0,1.0,1.0,0.0,15.0,3.0,1.0,2.0,5.0,112.0,1.0,5.0,0.0,0.0,0.0,0.0,1.0,1.0,4.0,0.0,0.0,1.0,15.0,77.0,5.0,1.0,2.0,1.0,57.0,11.0,341.0,9.0,2.0,53.0,0.0,0.0,0.0,0.0,0.0,0.0,0.0,0.0,0.0,0.0,0.0,0.0,0.0,0.0,0.0,0.0,0.0,0.0,0.0,0.0,0.0,0.0,0.0,0.0,0.0,0.0,0.0,0.0,0.0,0.0,0.0,0.0,0.0,0.0,0.0,0.0,0.0,0.0,0.0,0.0,1.0,7.0,0.0,0.0,0.0,0.0,0.0,0.0,0.0,0.0,0.0,0.0,0.0,0.0,0.0,0.0,0.0,0.0,0.0,0.0,0.0,0.0,0.0,0.0,0.0,0.0,0.0,0.0,0.0,0.0,0.0,0.0,0.0,0.0,0.0,0.0,0.0,0.0,0.0,0.0,0.0,0.0,0.0,0.0,0.0
81,47,734,17,female,1.0,2.0,1.0,3.0,2.0,3.0,1.0,1.0,3.0,8.0,6.0,5.0,6.0,1.0,3.0,1.0,1.0,2.0,2.0,3.0,4.0,3.0,5.0,6.0,5.0,7.0,7.0,11.0,9.0,60.0,56.0,5.0,13.0,107.0,46.0,113.0,29.0,51.0,155.0,52.0,101.0,45.0,2.0,9.0,8.0,11.0,13.0,18.0,43.0,87.0,26.0,104.0,92.0,63.0,164.0,65.0,76.0,10.0,12.0,10.0,39.0,4.0,0.0,0.0,0.0,0.0,0.0,6.0,1.0,1.0,3.0,1.0,0.0,0.0,0.0,66.0,88.0,5.0,17.0,53.0,0.0,0.0,0.0,0.0,1.0,0.0,0.0,0.0,0.0,0.0,0.0,0.0,0.0,0.0,0.0,0.0,0.0,0.0,0.0,0.0,0.0,0.0,0.0,0.0,0.0,0.0,0.0,0.0,0.0,0.0,0.0,0.0,0.0,0.0,0.0,0.0,0.0,0.0,0.0,0.0,0.0,0.0,0.0,0.0,0.0,0.0,0.0,0.0,0.0,0.0,0.0,0.0,0.0,0.0,0.0,0.0,0.0,0.0,0.0,0.0,0.0,0.0,0.0,0.0,0.0,0.0,0.0,0.0,0.0,0.0,0.0,0.0,0.0,0.0,0.0,0.0,0.0,0.0,0.0,0.0,0.0,0.0,0.0,0.0,0.0,0.0,0.0,0.0,0.0,0.0,0.0,0.0,0.0,0.0,0.0,0.0,0.0,0.0,0.0,0.0,0.0,0.0,0.0,0.0,0.0,0.0,0.0,0.0,0.0,0.0,0.0,0.0,0.0,0.0,0.0,0.0,0.0,0.0
82,186,3619,33,male,2.0,2.0,9.0,1.0,2.0,1.0,2.0,1.0,3.0,5.0,10.0,12.0,8.0,5.0,11.0,14.0,6.0,6.0,10.0,8.0,7.0,10.0,7.0,8.0,7.0,2.0,2.0,3.0,2.0,23.0,3.0,195.0,8.0,14.0,0.0,15.0,23.0,64.0,55.0,456.0,127.0,118.0,51.0,84.0,242.0,38.0,38.0,72.0,58.0,70.0,24.0,38.0,74.0,19.0,3.0,5.0,3.0,0.0,39.0,79.0,23.0,8.0,0.0,0.0,5.0,1.0,10.0,8.0,5.0,8.0,1.0,3.0,49.0,12.0,207.0,14.0,231.0,152.0,7.0,115.0,5.0,2.0,42.0,11.0,1.0,8.0,21.0,1.0,17.0,3.0,20.0,0.0,0.0,0.0,0.0,1.0,1.0,1.0,0.0,0.0,0.0,0.0,1.0,1.0,4.0,3.0,1.0,0.0,36.0,6.0,0.0,1.0,2.0,0.0,0.0,0.0,0.0,0.0,1.0,0.0,1.0,0.0,0.0,0.0,0.0,0.0,0.0,0.0,0.0,0.0,0.0,1.0,0.0,0.0,0.0,0.0,0.0,0.0,0.0,0.0,0.0,0.0,0.0,0.0,0.0,0.0,0.0,0.0,0.0,0.0,0.0,0.0,0.0,0.0,0.0,0.0,0.0,0.0,0.0,0.0,0.0,0.0,0.0,0.0,0.0,0.0,0.0,0.0,0.0,0.0,0.0,0.0,0.0,0.0,0.0,0.0,0.0,0.0,0.0,0.0,0.0,0.0,0.0,0.0,0.0,0.0,0.0,0.0,0.0,0.0,1.0,0.0,0.0,0.0,0.0,15.0,0.0,0.0
83,189,23803,58,female,1.0,1.0,2.0,1.0,2.0,2.0,3.0,2.0,1.0,2.0,1.0,1.0,2.0,2.0,3.0,2.0,9.0,5.0,13.0,16.0,20.0,20.0,30.0,16.0,38.0,27.0,22.0,13.0,9.0,465.0,1.0,57.0,39.0,107.0,14.0,20.0,36.0,0.0,25.0,1.0,1.0,2.0,60.0,19.0,1.0,88.0,19.0,192.0,164.0,243.0,163.0,91.0,146.0,150.0,103.0,136.0,35.0,6.0,44.0,145.0,56.0,10.0,0.0,0.0,2.0,1.0,1.0,1.0,5.0,1.0,0.0,1.0,63.0,20.0,7.0,0.0,87.0,26.0,0.0,5.0,0.0,3.0,0.0,32.0,1.0,4.0,32.0,2.0,339.0,3.0,114.0,0.0,0.0,3.0,2.0,2.0,1.0,3.0,45.0,21.0,21.0,9.0,46.0,0.0,0.0,0.0,4.0,0.0,0.0,0.0,33.0,2.0,74.0,0.0,0.0,0.0,0.0,0.0,0.0,0.0,0.0,0.0,0.0,1.0,0.0,1.0,2.0,0.0,4.0,2.0,4.0,5.0,0.0,0.0,0.0,0.0,0.0,0.0,0.0,0.0,0.0,0.0,22.0,0.0,15.0,59.0,0.0,109.0,176.0,29.0,48.0,4.0,128.0,2.0,42.0,0.0,0.0,0.0,0.0,0.0,0.0,0.0,0.0,0.0,0.0,0.0,0.0,0.0,0.0,0.0,0.0,0.0,0.0,0.0,0.0,0.0,0.0,0.0,0.0,0.0,0.0,0.0,0.0,0.0,0.0,0.0,0.0,0.0,0.0,0.0,0.0,0.0,0.0,0.0,0.0,0.0,0.0,0.0
84,133,2054,27,male,2.0,2.0,4.0,2.0,2.0,7.0,2.0,1.0,4.0,4.0,2.0,2.0,1.0,2.0,1.0,6.0,5.0,10.0,9.0,3.0,9.0,9.0,14.0,12.0,10.0,8.0,9.0,5.0,4.0,17.0,114.0,52.0,32.0,12.0,613.0,311.0,42.0,137.0,219.0,108.0,16.0,102.0,35.0,18.0,14.0,39.0,109.0,304.0,17.0,49.0,65.0,127.0,97.0,113.0,917.0,254.0,19.0,6.0,23.0,71.0,18.0,2.0,1.0,0.0,2.0,1.0,1.0,2.0,15.0,2.0,1.0,1.0,14.0,106.0,8.0,10.0,174.0,1.0,152.0,8.0,3.0,1.0,11.0,207.0,1.0,5.0,3.0,6.0,5.0,6.0,1.0,2.0,0.0,5.0,7.0,4.0,3.0,3.0,27.0,12.0,0.0,1.0,2.0,4.0,3.0,4.0,3.0,0.0,5.0,7.0,55.0,2.0,3.0,0.0,0.0,0.0,0.0,0.0,0.0,0.0,0.0,0.0,0.0,0.0,0.0,0.0,1.0,6.0,2.0,5.0,4.0,6.0,0.0,0.0,0.0,0.0,0.0,0.0,0.0,0.0,0.0,0.0,0.0,0.0,0.0,0.0,2.0,2.0,11.0,6.0,10.0,2.0,3.0,6.0,15.0,0.0,0.0,0.0,0.0,0.0,0.0,0.0,0.0,0.0,0.0,0.0,0.0,0.0,0.0,0.0,0.0,0.0,0.0,0.0,0.0,0.0,0.0,0.0,0.0,0.0,0.0,0.0,0.0,0.0,0.0,0.0,0.0,0.0,0.0,0.0,0.0,0.0,0.0,0.0,0.0,0.0,0.0,0.0
85,171,1441,19,male,2.0,1.0,1.0,1.0,1.0,1.0,4.0,2.0,1.0,2.0,4.0,9.0,14.0,15.0,19.0,24.0,20.0,27.0,36.0,31.0,31.0,35.0,65.0,78.0,78.0,102.0,98.0,89.0,9.0,11.0,5.0,6.0,89.0,19.0,1.0,6.0,25.0,1.0,282.0,150.0,823.0,580.0,558.0,662.0,791.0,802.0,975.0,980.0,927.0,1935.0,1509.0,1860.0,2218.0,2391.0,2448.0,1487.0,692.0,35.0,7.0,4.0,778.0,3.0,1.0,0.0,3.0,1.0,2.0,2.0,1.0,2.0,1.0,1.0,37.0,29.0,35.0,54.0,0.0,24.0,7.0,4.0,3.0,3.0,13.0,49.0,2.0,1.0,6.0,1.0,3.0,2.0,10.0,0.0,0.0,0.0,1.0,0.0,3.0,2.0,0.0,4.0,0.0,23.0,21.0,5.0,6.0,2.0,2.0,25.0,27.0,6.0,10.0,1.0,9.0,0.0,0.0,0.0,0.0,0.0,0.0,0.0,0.0,0.0,0.0,0.0,0.0,0.0,0.0,0.0,0.0,0.0,2.0,2.0,0.0,0.0,0.0,0.0,0.0,0.0,0.0,0.0,0.0,0.0,0.0,0.0,0.0,0.0,0.0,0.0,0.0,36.0,2.0,0.0,0.0,0.0,0.0,0.0,0.0,0.0,0.0,0.0,0.0,0.0,0.0,0.0,0.0,0.0,0.0,0.0,0.0,0.0,0.0,0.0,0.0,0.0,0.0,0.0,0.0,0.0,0.0,0.0,0.0,0.0,0.0,0.0,0.0,0.0,0.0,0.0,0.0,0.0,0.0,0.0,0.0,0.0,0.0,0.0,0.0,0.0
86,70,1967,21,male,1.0,1.0,1.0,1.0,1.0,1.0,1.0,1.0,1.0,1.0,9.0,3.0,4.0,2.0,5.0,6.0,5.0,4.0,6.0,4.0,4.0,2.0,3.0,3.0,1.0,1.0,3.0,1.0,2.0,2.0,2.0,14.0,2.0,16.0,15.0,5.0,7.0,4.0,11.0,247.0,267.0,65.0,26.0,26.0,49.0,46.0,43.0,93.0,28.0,19.0,6.0,9.0,15.0,11.0,1.0,12.0,0.0,0.0,35.0,18.0,12.0,1.0,0.0,0.0,1.0,2.0,4.0,1.0,2.0,3.0,2.0,1.0,100.0,198.0,138.0,0.0,66.0,7.0,73.0,2.0,1.0,2.0,3.0,17.0,1.0,1.0,73.0,0.0,0.0,1.0,38.0,0.0,0.0,0.0,0.0,4.0,0.0,0.0,0.0,0.0,48.0,0.0,0.0,1.0,1.0,2.0,1.0,9.0,3.0,37.0,34.0,2.0,19.0,0.0,0.0,0.0,0.0,0.0,0.0,0.0,0.0,0.0,0.0,0.0,0.0,0.0,0.0,0.0,1.0,2.0,2.0,2.0,0.0,0.0,0.0,0.0,0.0,0.0,0.0,0.0,0.0,0.0,0.0,0.0,0.0,0.0,0.0,5.0,40.0,83.0,34.0,1.0,27.0,3.0,59.0,0.0,0.0,0.0,0.0,0.0,0.0,0.0,0.0,0.0,0.0,0.0,0.0,0.0,0.0,0.0,0.0,0.0,0.0,0.0,0.0,0.0,0.0,0.0,0.0,0.0,0.0,0.0,0.0,0.0,0.0,0.0,0.0,0.0,0.0,0.0,0.0,0.0,0.0,0.0,0.0,0.0,0.0,0.0
87,57,1745,20,male,1.0,1.0,1.0,2.0,3.0,1.0,1.0,4.0,1.0,6.0,2.0,1.0,21.0,1.0,2.0,2.0,2.0,3.0,3.0,5.0,7.0,6.0,1.0,2.0,2.0,1.0,1.0,4.0,1.0,12.0,16.0,87.0,54.0,16.0,31.0,6.0,4.0,0.0,26.0,21.0,0.0,126.0,5.0,51.0,37.0,7.0,38.0,4.0,12.0,15.0,12.0,0.0,0.0,5.0,1.0,3.0,4.0,0.0,4.0,18.0,14.0,3.0,0.0,0.0,0.0,0.0,1.0,1.0,1.0,1.0,9.0,1.0,0.0,0.0,6.0,14.0,3.0,64.0,299.0,0.0,0.0,1.0,0.0,8.0,1.0,0.0,0.0,0.0,0.0,0.0,0.0,0.0,0.0,0.0,0.0,0.0,0.0,0.0,0.0,0.0,0.0,0.0,0.0,0.0,0.0,0.0,0.0,0.0,0.0,0.0,0.0,0.0,0.0,0.0,0.0,0.0,0.0,0.0,0.0,0.0,0.0,0.0,0.0,0.0,0.0,0.0,0.0,0.0,0.0,0.0,0.0,0.0,0.0,0.0,0.0,0.0,0.0,0.0,0.0,0.0,0.0,0.0,0.0,0.0,0.0,0.0,0.0,0.0,0.0,0.0,0.0,0.0,0.0,0.0,0.0,0.0,0.0,0.0,0.0,0.0,0.0,0.0,0.0,0.0,0.0,0.0,0.0,0.0,0.0,0.0,0.0,0.0,0.0,0.0,0.0,0.0,0.0,0.0,0.0,0.0,0.0,0.0,0.0,0.0,0.0,0.0,0.0,0.0,0.0,0.0,0.0,0.0,0.0,0.0,0.0,0.0,0.0,0.0
88,153,1717,20,male,6.0,2.0,1.0,6.0,6.0,3.0,5.0,2.0,4.0,2.0,1.0,2.0,4.0,2.0,1.0,3.0,8.0,8.0,8.0,6.0,2.0,5.0,6.0,9.0,6.0,8.0,3.0,4.0,3.0,206.0,11.0,2.0,55.0,24.0,30.0,263.0,37.0,87.0,115.0,37.0,7.0,24.0,8.0,2.0,40.0,126.0,67.0,434.0,66.0,7.0,171.0,40.0,169.0,41.0,206.0,37.0,10.0,0.0,15.0,53.0,17.0,3.0,1.0,0.0,1.0,1.0,0.0,1.0,1.0,3.0,3.0,5.0,21.0,25.0,0.0,12.0,3.0,13.0,10.0,13.0,1.0,1.0,27.0,45.0,1.0,1.0,23.0,1.0,2.0,1.0,8.0,0.0,0.0,0.0,0.0,0.0,1.0,0.0,0.0,0.0,0.0,1.0,0.0,0.0,0.0,0.0,1.0,0.0,0.0,0.0,9.0,0.0,0.0,0.0,0.0,0.0,0.0,0.0,0.0,0.0,0.0,0.0,1.0,0.0,0.0,0.0,0.0,0.0,3.0,2.0,1.0,1.0,0.0,0.0,0.0,0.0,0.0,0.0,0.0,0.0,0.0,0.0,0.0,0.0,0.0,0.0,0.0,11.0,11.0,11.0,0.0,1.0,1.0,2.0,30.0,0.0,0.0,0.0,0.0,0.0,0.0,0.0,0.0,0.0,0.0,0.0,0.0,0.0,0.0,0.0,0.0,0.0,0.0,0.0,0.0,0.0,0.0,0.0,0.0,0.0,0.0,0.0,0.0,0.0,0.0,0.0,0.0,0.0,0.0,0.0,0.0,0.0,0.0,0.0,0.0,0.0,0.0,0.0
89,213,1716,23,male,2.0,1.0,3.0,5.0,2.0,3.0,2.0,1.0,2.0,2.0,2.0,2.0,2.0,1.0,1.0,3.0,1.0,7.0,9.0,3.0,8.0,3.0,8.0,2.0,18.0,11.0,18.0,1.0,13.0,98.0,167.0,84.0,48.0,37.0,6.0,15.0,3.0,51.0,51.0,78.0,159.0,37.0,66.0,50.0,51.0,28.0,81.0,71.0,21.0,86.0,351.0,17.0,27.0,129.0,60.0,94.0,11.0,5.0,91.0,47.0,56.0,3.0,0.0,0.0,1.0,2.0,1.0,2.0,3.0,1.0,2.0,3.0,1.0,42.0,10.0,5.0,96.0,32.0,42.0,180.0,4.0,2.0,58.0,102.0,0.0,2.0,10.0,1.0,3.0,0.0,0.0,0.0,0.0,1.0,2.0,0.0,2.0,2.0,0.0,10.0,0.0,7.0,15.0,2.0,0.0,2.0,2.0,5.0,0.0,25.0,16.0,1.0,10.0,0.0,0.0,1.0,0.0,0.0,0.0,0.0,0.0,2.0,4.0,0.0,1.0,3.0,1.0,0.0,0.0,2.0,0.0,0.0,0.0,0.0,0.0,0.0,0.0,0.0,0.0,0.0,4.0,39.0,0.0,2.0,5.0,12.0,0.0,0.0,0.0,0.0,0.0,2.0,7.0,1.0,0.0,0.0,0.0,0.0,0.0,0.0,0.0,0.0,0.0,0.0,0.0,0.0,0.0,0.0,0.0,0.0,0.0,0.0,0.0,0.0,0.0,0.0,0.0,0.0,0.0,0.0,0.0,0.0,0.0,0.0,0.0,0.0,0.0,0.0,0.0,0.0,0.0,0.0,0.0,0.0,0.0,0.0,0.0,0.0
90,25,222,10,male,3.0,2.0,2.0,2.0,1.0,1.0,13.0,13.0,1.0,12.0,1.0,6.0,9.0,7.0,6.0,7.0,2.0,1.0,2.0,1.0,4.0,6.0,2.0,2.0,2.0,2.0,2.0,1.0,1.0,79.0,34.0,5.0,0.0,0.0,0.0,1134.0,510.0,11.0,580.0,11.0,23.0,25.0,13.0,7.0,5.0,0.0,0.0,6.0,20.0,1.0,38.0,5.0,2.0,2.0,12.0,1.0,1.0,4.0,5.0,27.0,32.0,33.0,0.0,0.0,1.0,1.0,2.0,1.0,1.0,4.0,2.0,2.0,3.0,0.0,114.0,144.0,128.0,25.0,8.0,8.0,1.0,1.0,48.0,1.0,1.0,1.0,40.0,1.0,2.0,1.0,7.0,0.0,0.0,0.0,0.0,3.0,5.0,1.0,0.0,0.0,4.0,5.0,192.0,2.0,1.0,3.0,1.0,0.0,0.0,31.0,104.0,2.0,35.0,0.0,0.0,0.0,0.0,0.0,0.0,0.0,0.0,0.0,0.0,0.0,0.0,0.0,0.0,0.0,0.0,0.0,0.0,0.0,0.0,0.0,0.0,0.0,0.0,0.0,0.0,0.0,0.0,0.0,0.0,0.0,0.0,0.0,0.0,0.0,0.0,0.0,0.0,0.0,0.0,0.0,0.0,0.0,0.0,0.0,0.0,0.0,0.0,0.0,0.0,0.0,0.0,0.0,0.0,0.0,0.0,0.0,0.0,0.0,0.0,0.0,0.0,0.0,0.0,0.0,0.0,0.0,0.0,0.0,0.0,0.0,0.0,0.0,0.0,0.0,0.0,0.0,0.0,0.0,0.0,0.0,0.0,0.0,0.0,0.0
91,23,684,8,male,2.0,1.0,6.0,2.0,4.0,1.0,1.0,1.0,1.0,3.0,2.0,1.0,3.0,2.0,6.0,3.0,4.0,2.0,3.0,6.0,1.0,5.0,4.0,9.0,14.0,4.0,8.0,6.0,4.0,36.0,1.0,42.0,55.0,24.0,42.0,11.0,23.0,0.0,58.0,17.0,15.0,4.0,26.0,26.0,19.0,31.0,32.0,19.0,34.0,0.0,70.0,224.0,181.0,60.0,47.0,53.0,20.0,0.0,2.0,23.0,61.0,2.0,0.0,0.0,0.0,0.0,0.0,1.0,0.0,0.0,1.0,0.0,0.0,0.0,0.0,7.0,0.0,0.0,25.0,0.0,2.0,1.0,15.0,3.0,1.0,0.0,0.0,0.0,0.0,0.0,0.0,0.0,0.0,0.0,0.0,0.0,0.0,0.0,0.0,0.0,0.0,0.0,0.0,0.0,0.0,0.0,0.0,0.0,0.0,0.0,0.0,0.0,0.0,0.0,0.0,0.0,0.0,0.0,0.0,0.0,0.0,0.0,0.0,0.0,0.0,0.0,0.0,0.0,0.0,0.0,0.0,0.0,0.0,0.0,0.0,0.0,0.0,0.0,0.0,0.0,0.0,0.0,0.0,0.0,0.0,0.0,0.0,0.0,0.0,0.0,0.0,0.0,0.0,0.0,0.0,0.0,0.0,0.0,0.0,0.0,0.0,0.0,0.0,0.0,0.0,0.0,0.0,0.0,0.0,0.0,0.0,0.0,0.0,0.0,0.0,0.0,0.0,0.0,0.0,0.0,0.0,0.0,0.0,0.0,0.0,0.0,0.0,0.0,0.0,0.0,0.0,0.0,0.0,0.0,0.0,0.0,0.0,0.0
92,90,1160,20,female,1.0,2.0,4.0,1.0,1.0,1.0,2.0,1.0,1.0,1.0,1.0,2.0,6.0,1.0,3.0,1.0,2.0,4.0,10.0,1.0,7.0,2.0,3.0,3.0,1.0,3.0,4.0,1.0,1.0,9.0,33.0,17.0,14.0,99.0,77.0,7.0,65.0,32.0,128.0,220.0,44.0,121.0,386.0,213.0,4.0,1842.0,88.0,137.0,40.0,65.0,18.0,107.0,71.0,27.0,55.0,60.0,0.0,0.0,2.0,25.0,24.0,2.0,1.0,0.0,1.0,1.0,1.0,4.0,1.0,3.0,1.0,2.0,9.0,0.0,8.0,16.0,13.0,85.0,6.0,145.0,1.0,2.0,2.0,23.0,3.0,2.0,161.0,1.0,8.0,0.0,0.0,0.0,0.0,1.0,0.0,0.0,0.0,1.0,9.0,0.0,0.0,0.0,3.0,1.0,4.0,1.0,1.0,1.0,95.0,2.0,1.0,3.0,9.0,0.0,0.0,0.0,0.0,0.0,0.0,0.0,0.0,0.0,0.0,0.0,0.0,0.0,0.0,0.0,0.0,0.0,0.0,2.0,0.0,0.0,0.0,0.0,0.0,0.0,0.0,0.0,0.0,0.0,0.0,0.0,0.0,0.0,0.0,0.0,0.0,0.0,1.0,0.0,0.0,0.0,0.0,0.0,0.0,0.0,0.0,0.0,0.0,0.0,0.0,0.0,0.0,0.0,0.0,0.0,0.0,0.0,0.0,0.0,0.0,0.0,0.0,0.0,0.0,0.0,0.0,0.0,0.0,0.0,0.0,0.0,0.0,0.0,0.0,0.0,0.0,0.0,0.0,0.0,0.0,0.0,0.0,0.0,0.0,0.0
93,66,734,15,male,3.0,6.0,10.0,2.0,6.0,4.0,3.0,1.0,1.0,4.0,1.0,1.0,1.0,3.0,3.0,1.0,2.0,2.0,2.0,3.0,6.0,2.0,1.0,3.0,2.0,7.0,1.0,2.0,1.0,108.0,372.0,874.0,496.0,501.0,1999.0,1206.0,0.0,37.0,477.0,259.0,27.0,42.0,67.0,40.0,38.0,164.0,24.0,20.0,161.0,92.0,45.0,19.0,16.0,25.0,121.0,0.0,6.0,0.0,6.0,40.0,42.0,4.0,0.0,0.0,2.0,2.0,5.0,7.0,8.0,6.0,5.0,2.0,33.0,63.0,130.0,65.0,226.0,113.0,634.0,90.0,1.0,1.0,10.0,42.0,1.0,1.0,23.0,1.0,17.0,2.0,0.0,0.0,0.0,0.0,0.0,0.0,0.0,0.0,0.0,0.0,0.0,0.0,0.0,0.0,1.0,1.0,4.0,0.0,37.0,46.0,75.0,0.0,0.0,0.0,0.0,0.0,0.0,0.0,0.0,0.0,0.0,0.0,0.0,0.0,0.0,0.0,0.0,0.0,0.0,0.0,0.0,0.0,0.0,0.0,0.0,0.0,0.0,0.0,0.0,0.0,0.0,0.0,0.0,0.0,0.0,0.0,0.0,0.0,0.0,0.0,0.0,0.0,0.0,0.0,0.0,0.0,0.0,0.0,0.0,0.0,0.0,0.0,0.0,0.0,0.0,0.0,0.0,0.0,0.0,0.0,0.0,0.0,0.0,0.0,0.0,0.0,0.0,0.0,0.0,0.0,0.0,0.0,0.0,0.0,0.0,0.0,0.0,0.0,0.0,0.0,0.0,0.0,0.0,0.0,0.0,0.0,0.0,0.0
94,65,714,15,male,1.0,11.0,1.0,9.0,3.0,2.0,3.0,2.0,2.0,5.0,2.0,4.0,6.0,3.0,2.0,7.0,3.0,8.0,6.0,5.0,12.0,14.0,14.0,9.0,12.0,15.0,20.0,17.0,22.0,38.0,231.0,10.0,196.0,27.0,223.0,8.0,356.0,378.0,381.0,35.0,269.0,432.0,115.0,186.0,524.0,132.0,486.0,354.0,141.0,295.0,686.0,973.0,220.0,373.0,219.0,167.0,85.0,22.0,3.0,2.0,194.0,2.0,0.0,0.0,1.0,2.0,1.0,6.0,5.0,4.0,1.0,3.0,20.0,37.0,80.0,190.0,37.0,60.0,14.0,8.0,2.0,4.0,1.0,51.0,1.0,1.0,1.0,1.0,0.0,4.0,28.0,0.0,0.0,0.0,0.0,0.0,0.0,0.0,0.0,0.0,0.0,0.0,0.0,0.0,0.0,3.0,1.0,0.0,0.0,114.0,0.0,1.0,29.0,0.0,0.0,0.0,0.0,0.0,0.0,0.0,0.0,0.0,0.0,0.0,0.0,0.0,0.0,0.0,0.0,0.0,0.0,0.0,0.0,0.0,0.0,0.0,0.0,0.0,0.0,0.0,0.0,0.0,0.0,0.0,0.0,0.0,0.0,0.0,0.0,0.0,0.0,0.0,0.0,0.0,0.0,0.0,0.0,0.0,0.0,0.0,0.0,0.0,0.0,0.0,0.0,0.0,0.0,0.0,0.0,0.0,0.0,0.0,0.0,0.0,0.0,0.0,0.0,0.0,0.0,0.0,0.0,0.0,0.0,0.0,0.0,0.0,0.0,0.0,0.0,0.0,0.0,0.0,0.0,0.0,0.0,0.0,0.0,0.0
95,55,456,11,female,1.0,4.0,4.0,6.0,2.0,1.0,2.0,1.0,1.0,1.0,2.0,2.0,3.0,6.0,4.0,5.0,5.0,8.0,5.0,5.0,6.0,5.0,7.0,7.0,8.0,7.0,4.0,11.0,10.0,0.0,95.0,286.0,633.0,6.0,3.0,134.0,0.0,14.0,7.0,29.0,19.0,102.0,79.0,95.0,30.0,360.0,151.0,39.0,431.0,160.0,59.0,82.0,119.0,91.0,40.0,12.0,13.0,6.0,14.0,74.0,18.0,4.0,0.0,0.0,4.0,1.0,2.0,2.0,2.0,2.0,5.0,6.0,54.0,1.0,48.0,34.0,76.0,74.0,280.0,382.0,2.0,1.0,3.0,87.0,2.0,1.0,0.0,2.0,144.0,3.0,73.0,0.0,0.0,0.0,0.0,0.0,0.0,0.0,0.0,0.0,0.0,0.0,0.0,2.0,0.0,1.0,2.0,10.0,0.0,52.0,0.0,1.0,0.0,0.0,0.0,0.0,0.0,0.0,0.0,0.0,0.0,0.0,0.0,0.0,0.0,0.0,0.0,0.0,0.0,0.0,0.0,0.0,0.0,0.0,0.0,0.0,0.0,0.0,0.0,0.0,0.0,0.0,0.0,0.0,0.0,0.0,0.0,0.0,0.0,0.0,0.0,0.0,0.0,0.0,0.0,0.0,0.0,0.0,0.0,0.0,0.0,0.0,0.0,0.0,0.0,0.0,0.0,0.0,0.0,0.0,0.0,0.0,0.0,0.0,0.0,0.0,0.0,0.0,0.0,0.0,0.0,0.0,0.0,0.0,0.0,0.0,0.0,0.0,0.0,0.0,0.0,0.0,0.0,0.0,0.0,0.0,0.0,0.0
96,78,2322,28,male,1.0,1.0,3.0,1.0,1.0,2.0,4.0,1.0,1.0,3.0,2.0,6.0,6.0,3.0,5.0,6.0,4.0,10.0,6.0,4.0,5.0,1.0,4.0,3.0,2.0,4.0,4.0,4.0,4.0,0.0,164.0,30.0,0.0,0.0,13.0,34.0,2.0,3.0,31.0,110.0,202.0,354.0,83.0,144.0,332.0,166.0,205.0,59.0,117.0,132.0,51.0,183.0,166.0,23.0,118.0,26.0,18.0,2.0,3.0,33.0,42.0,1.0,0.0,0.0,11.0,6.0,16.0,13.0,16.0,16.0,1.0,2.0,2619.0,193.0,452.0,348.0,1432.0,1046.0,9.0,8.0,7.0,12.0,216.0,327.0,2.0,9.0,794.0,0.0,0.0,1.0,10.0,0.0,0.0,0.0,0.0,0.0,0.0,0.0,0.0,0.0,0.0,0.0,0.0,1.0,2.0,1.0,2.0,69.0,10.0,16.0,57.0,1.0,33.0,0.0,0.0,0.0,0.0,0.0,0.0,0.0,0.0,0.0,0.0,0.0,0.0,0.0,0.0,0.0,0.0,0.0,0.0,0.0,0.0,0.0,0.0,0.0,0.0,0.0,0.0,0.0,0.0,0.0,0.0,0.0,0.0,0.0,0.0,0.0,0.0,0.0,0.0,0.0,0.0,0.0,0.0,0.0,0.0,0.0,0.0,0.0,0.0,0.0,0.0,0.0,0.0,0.0,0.0,0.0,0.0,0.0,0.0,0.0,0.0,0.0,0.0,0.0,0.0,0.0,0.0,0.0,0.0,0.0,0.0,0.0,0.0,0.0,0.0,0.0,0.0,0.0,0.0,0.0,0.0,0.0,0.0,0.0,0.0,0.0
97,109,2114,20,male,7.0,1.0,1.0,3.0,1.0,6.0,2.0,1.0,1.0,1.0,4.0,5.0,3.0,3.0,5.0,9.0,3.0,6.0,4.0,7.0,17.0,6.0,5.0,6.0,5.0,3.0,8.0,5.0,1.0,534.0,2.0,3.0,118.0,18.0,5.0,155.0,28.0,5.0,22.0,95.0,47.0,30.0,54.0,43.0,65.0,13.0,98.0,53.0,58.0,116.0,38.0,638.0,460.0,0.0,42.0,55.0,4.0,0.0,56.0,16.0,36.0,1.0,0.0,0.0,1.0,3.0,3.0,2.0,1.0,3.0,4.0,1.0,3.0,7.0,16.0,98.0,40.0,39.0,31.0,0.0,2.0,3.0,11.0,10.0,1.0,1.0,0.0,0.0,0.0,4.0,45.0,0.0,0.0,0.0,0.0,0.0,0.0,0.0,0.0,0.0,0.0,0.0,0.0,0.0,1.0,0.0,1.0,0.0,20.0,0.0,13.0,0.0,0.0,0.0,0.0,0.0,0.0,0.0,0.0,0.0,0.0,0.0,0.0,0.0,0.0,0.0,0.0,0.0,0.0,0.0,0.0,0.0,0.0,0.0,0.0,0.0,0.0,0.0,0.0,0.0,0.0,0.0,0.0,0.0,0.0,0.0,0.0,0.0,0.0,0.0,0.0,0.0,0.0,0.0,0.0,0.0,0.0,0.0,0.0,0.0,0.0,0.0,0.0,0.0,0.0,0.0,0.0,0.0,0.0,0.0,0.0,0.0,0.0,0.0,0.0,0.0,0.0,0.0,0.0,0.0,0.0,0.0,0.0,0.0,0.0,0.0,0.0,0.0,0.0,0.0,0.0,0.0,0.0,0.0,0.0,0.0,0.0,0.0
98,130,1450,21,male,5.0,1.0,3.0,2.0,1.0,4.0,1.0,2.0,2.0,1.0,5.0,3.0,4.0,8.0,8.0,11.0,4.0,9.0,3.0,3.0,4.0,6.0,6.0,4.0,4.0,7.0,3.0,2.0,4.0,94.0,4.0,4.0,66.0,157.0,59.0,36.0,67.0,2.0,0.0,47.0,27.0,74.0,58.0,118.0,137.0,75.0,104.0,25.0,37.0,24.0,47.0,42.0,15.0,15.0,49.0,2.0,4.0,2.0,24.0,70.0,36.0,2.0,1.0,0.0,1.0,3.0,2.0,1.0,1.0,1.0,1.0,1.0,22.0,33.0,0.0,13.0,0.0,1.0,1.0,15.0,2.0,2.0,15.0,7.0,1.0,2.0,16.0,2.0,55.0,1.0,11.0,0.0,0.0,0.0,0.0,0.0,3.0,4.0,0.0,0.0,0.0,81.0,125.0,2.0,4.0,1.0,3.0,39.0,89.0,19.0,89.0,2.0,30.0,0.0,0.0,0.0,0.0,0.0,0.0,0.0,0.0,0.0,0.0,0.0,0.0,0.0,0.0,0.0,0.0,0.0,0.0,0.0,0.0,0.0,0.0,0.0,0.0,0.0,0.0,0.0,0.0,0.0,0.0,0.0,0.0,0.0,0.0,0.0,0.0,0.0,0.0,0.0,0.0,0.0,0.0,0.0,0.0,0.0,0.0,0.0,0.0,0.0,0.0,0.0,0.0,0.0,0.0,0.0,0.0,0.0,0.0,0.0,0.0,0.0,0.0,0.0,0.0,0.0,0.0,0.0,0.0,0.0,0.0,0.0,0.0,0.0,0.0,0.0,0.0,0.0,0.0,0.0,0.0,0.0,0.0,0.0,0.0,0.0
